event_window_id,event_id,event_date,firm_id,ticker,pillar_two_in_scope_proxy,window,car
inclusive_framework_agreement_m1_p1,inclusive_framework_agreement,2021-10-08,FIRM_AAPL,AAPL,1,"[-1,+1]",0.009253035112092849
inclusive_framework_agreement_m3_p3,inclusive_framework_agreement,2021-10-08,FIRM_AAPL,AAPL,1,"[-3,+3]",-0.008071941034711733
inclusive_framework_agreement_m5_p5,inclusive_framework_agreement,2021-10-08,FIRM_AAPL,AAPL,1,"[-5,+5]",-0.006882530113317933
inclusive_framework_agreement_m1_p1,inclusive_framework_agreement,2021-10-08,FIRM_ABNB,ABNB,1,"[-1,+1]",9.11610507650009e-05
inclusive_framework_agreement_m3_p3,inclusive_framework_agreement,2021-10-08,FIRM_ABNB,ABNB,1,"[-3,+3]",0.0330151384064682
inclusive_framework_agreement_m5_p5,inclusive_framework_agreement,2021-10-08,FIRM_ABNB,ABNB,1,"[-5,+5]",-0.021724262593575197
inclusive_framework_agreement_m1_p1,inclusive_framework_agreement,2021-10-08,FIRM_ACN,ACN,1,"[-1,+1]",0.0075852661221374
inclusive_framework_agreement_m3_p3,inclusive_framework_agreement,2021-10-08,FIRM_ACN,ACN,1,"[-3,+3]",0.0151637416359617
inclusive_framework_agreement_m5_p5,inclusive_framework_agreement,2021-10-08,FIRM_ACN,ACN,1,"[-5,+5]",0.0389650917176955
inclusive_framework_agreement_m1_p1,inclusive_framework_agreement,2021-10-08,FIRM_ADBE,ADBE,1,"[-1,+1]",0.0083928792151642
inclusive_framework_agreement_m3_p3,inclusive_framework_agreement,2021-10-08,FIRM_ADBE,ADBE,1,"[-3,+3]",0.036069448306911576
inclusive_framework_agreement_m5_p5,inclusive_framework_agreement,2021-10-08,FIRM_ADBE,ADBE,1,"[-5,+5]",0.027772470454434876
inclusive_framework_agreement_m1_p1,inclusive_framework_agreement,2021-10-08,FIRM_ADI,ADI,1,"[-1,+1]",0.014644579640441002
inclusive_framework_agreement_m3_p3,inclusive_framework_agreement,2021-10-08,FIRM_ADI,ADI,1,"[-3,+3]",-0.020164940190722697
inclusive_framework_agreement_m5_p5,inclusive_framework_agreement,2021-10-08,FIRM_ADI,ADI,1,"[-5,+5]",-0.0033491834353815003
inclusive_framework_agreement_m1_p1,inclusive_framework_agreement,2021-10-08,FIRM_AGYS,AGYS,0,"[-1,+1]",-0.016271578065298102
inclusive_framework_agreement_m3_p3,inclusive_framework_agreement,2021-10-08,FIRM_AGYS,AGYS,0,"[-3,+3]",-0.017540391983106095
inclusive_framework_agreement_m5_p5,inclusive_framework_agreement,2021-10-08,FIRM_AGYS,AGYS,0,"[-5,+5]",-0.00942193943841001
inclusive_framework_agreement_m1_p1,inclusive_framework_agreement,2021-10-08,FIRM_AMAT,AMAT,1,"[-1,+1]",0.011281065094518598
inclusive_framework_agreement_m3_p3,inclusive_framework_agreement,2021-10-08,FIRM_AMAT,AMAT,1,"[-3,+3]",0.003044266151383799
inclusive_framework_agreement_m5_p5,inclusive_framework_agreement,2021-10-08,FIRM_AMAT,AMAT,1,"[-5,+5]",-0.008238873558561705
inclusive_framework_agreement_m1_p1,inclusive_framework_agreement,2021-10-08,FIRM_AMD,AMD,1,"[-1,+1]",0.0135497922636345
inclusive_framework_agreement_m3_p3,inclusive_framework_agreement,2021-10-08,FIRM_AMD,AMD,1,"[-3,+3]",0.06353745667615379
inclusive_framework_agreement_m5_p5,inclusive_framework_agreement,2021-10-08,FIRM_AMD,AMD,1,"[-5,+5]",0.055599412799445996
inclusive_framework_agreement_m1_p1,inclusive_framework_agreement,2021-10-08,FIRM_AMPL,AMPL,0,"[-1,+1]",-0.017585878414160396
inclusive_framework_agreement_m3_p3,inclusive_framework_agreement,2021-10-08,FIRM_AMPL,AMPL,0,"[-3,+3]",-0.028147897108378298
inclusive_framework_agreement_m5_p5,inclusive_framework_agreement,2021-10-08,FIRM_AMPL,AMPL,0,"[-5,+5]",0.00023549087198320232
inclusive_framework_agreement_m1_p1,inclusive_framework_agreement,2021-10-08,FIRM_APH,APH,1,"[-1,+1]",0.010784360418586601
inclusive_framework_agreement_m3_p3,inclusive_framework_agreement,2021-10-08,FIRM_APH,APH,1,"[-3,+3]",-0.0086834892867843
inclusive_framework_agreement_m5_p5,inclusive_framework_agreement,2021-10-08,FIRM_APH,APH,1,"[-5,+5]",0.02089615907823
inclusive_framework_agreement_m1_p1,inclusive_framework_agreement,2021-10-08,FIRM_API,API,0,"[-1,+1]",0.0377030214231507
inclusive_framework_agreement_m3_p3,inclusive_framework_agreement,2021-10-08,FIRM_API,API,0,"[-3,+3]",0.08855391033256618
inclusive_framework_agreement_m5_p5,inclusive_framework_agreement,2021-10-08,FIRM_API,API,0,"[-5,+5]",-0.06530400013646001
inclusive_framework_agreement_m1_p1,inclusive_framework_agreement,2021-10-08,FIRM_APPF,APPF,0,"[-1,+1]",-0.0080911085854014
inclusive_framework_agreement_m3_p3,inclusive_framework_agreement,2021-10-08,FIRM_APPF,APPF,0,"[-3,+3]",-0.00029506717498939796
inclusive_framework_agreement_m5_p5,inclusive_framework_agreement,2021-10-08,FIRM_APPF,APPF,0,"[-5,+5]",0.04280311648293719
inclusive_framework_agreement_m1_p1,inclusive_framework_agreement,2021-10-08,FIRM_APPN,APPN,0,"[-1,+1]",-0.0176474819562627
inclusive_framework_agreement_m3_p3,inclusive_framework_agreement,2021-10-08,FIRM_APPN,APPN,0,"[-3,+3]",0.0346167067080791
inclusive_framework_agreement_m5_p5,inclusive_framework_agreement,2021-10-08,FIRM_APPN,APPN,0,"[-5,+5]",-0.035958251592183604
inclusive_framework_agreement_m1_p1,inclusive_framework_agreement,2021-10-08,FIRM_ASYS,ASYS,0,"[-1,+1]",0.0098346471926209
inclusive_framework_agreement_m3_p3,inclusive_framework_agreement,2021-10-08,FIRM_ASYS,ASYS,0,"[-3,+3]",0.02389435441211779
inclusive_framework_agreement_m5_p5,inclusive_framework_agreement,2021-10-08,FIRM_ASYS,ASYS,0,"[-5,+5]",-0.007720445242829912
inclusive_framework_agreement_m1_p1,inclusive_framework_agreement,2021-10-08,FIRM_ATEN,ATEN,0,"[-1,+1]",-0.008474181408931998
inclusive_framework_agreement_m3_p3,inclusive_framework_agreement,2021-10-08,FIRM_ATEN,ATEN,0,"[-3,+3]",-0.026042236053024498
inclusive_framework_agreement_m5_p5,inclusive_framework_agreement,2021-10-08,FIRM_ATEN,ATEN,0,"[-5,+5]",-0.008927202942710002
inclusive_framework_agreement_m1_p1,inclusive_framework_agreement,2021-10-08,FIRM_AUDC,AUDC,0,"[-1,+1]",0.0356336595442673
inclusive_framework_agreement_m3_p3,inclusive_framework_agreement,2021-10-08,FIRM_AUDC,AUDC,0,"[-3,+3]",0.07725535095128311
inclusive_framework_agreement_m5_p5,inclusive_framework_agreement,2021-10-08,FIRM_AUDC,AUDC,0,"[-5,+5]",0.07305583997232501
inclusive_framework_agreement_m1_p1,inclusive_framework_agreement,2021-10-08,FIRM_AVGO,AVGO,1,"[-1,+1]",0.010822105596057199
inclusive_framework_agreement_m3_p3,inclusive_framework_agreement,2021-10-08,FIRM_AVGO,AVGO,1,"[-3,+3]",-0.0018562300950284993
inclusive_framework_agreement_m5_p5,inclusive_framework_agreement,2021-10-08,FIRM_AVGO,AVGO,1,"[-5,+5]",0.006869869545598199
inclusive_framework_agreement_m1_p1,inclusive_framework_agreement,2021-10-08,FIRM_AXTI,AXTI,0,"[-1,+1]",0.0212199797432823
inclusive_framework_agreement_m3_p3,inclusive_framework_agreement,2021-10-08,FIRM_AXTI,AXTI,0,"[-3,+3]",0.002964235927235401
inclusive_framework_agreement_m5_p5,inclusive_framework_agreement,2021-10-08,FIRM_AXTI,AXTI,0,"[-5,+5]",-0.049607209134788
inclusive_framework_agreement_m1_p1,inclusive_framework_agreement,2021-10-08,FIRM_BAND,BAND,0,"[-1,+1]",-0.031552542807004196
inclusive_framework_agreement_m3_p3,inclusive_framework_agreement,2021-10-08,FIRM_BAND,BAND,0,"[-3,+3]",-0.015665431130597096
inclusive_framework_agreement_m5_p5,inclusive_framework_agreement,2021-10-08,FIRM_BAND,BAND,0,"[-5,+5]",-0.03331894842295728
inclusive_framework_agreement_m1_p1,inclusive_framework_agreement,2021-10-08,FIRM_BL,BL,0,"[-1,+1]",0.0014271207510201996
inclusive_framework_agreement_m3_p3,inclusive_framework_agreement,2021-10-08,FIRM_BL,BL,0,"[-3,+3]",0.0302748798480622
inclusive_framework_agreement_m5_p5,inclusive_framework_agreement,2021-10-08,FIRM_BL,BL,0,"[-5,+5]",0.013620201146682
inclusive_framework_agreement_m1_p1,inclusive_framework_agreement,2021-10-08,FIRM_CHKP,CHKP,1,"[-1,+1]",0.039437609245906405
inclusive_framework_agreement_m3_p3,inclusive_framework_agreement,2021-10-08,FIRM_CHKP,CHKP,1,"[-3,+3]",0.0417994829507672
inclusive_framework_agreement_m5_p5,inclusive_framework_agreement,2021-10-08,FIRM_CHKP,CHKP,1,"[-5,+5]",0.039817607769146904
inclusive_framework_agreement_m1_p1,inclusive_framework_agreement,2021-10-08,FIRM_CIEN,CIEN,1,"[-1,+1]",0.012007141936240499
inclusive_framework_agreement_m3_p3,inclusive_framework_agreement,2021-10-08,FIRM_CIEN,CIEN,1,"[-3,+3]",-0.014930313478611103
inclusive_framework_agreement_m5_p5,inclusive_framework_agreement,2021-10-08,FIRM_CIEN,CIEN,1,"[-5,+5]",-0.012837696139569702
inclusive_framework_agreement_m1_p1,inclusive_framework_agreement,2021-10-08,FIRM_COUR,COUR,0,"[-1,+1]",-0.013990685604222399
inclusive_framework_agreement_m3_p3,inclusive_framework_agreement,2021-10-08,FIRM_COUR,COUR,0,"[-3,+3]",0.009970277262460601
inclusive_framework_agreement_m5_p5,inclusive_framework_agreement,2021-10-08,FIRM_COUR,COUR,0,"[-5,+5]",0.012465385582672602
inclusive_framework_agreement_m1_p1,inclusive_framework_agreement,2021-10-08,FIRM_CSCO,CSCO,1,"[-1,+1]",0.021752569336195498
inclusive_framework_agreement_m3_p3,inclusive_framework_agreement,2021-10-08,FIRM_CSCO,CSCO,1,"[-3,+3]",-0.0135467211304783
inclusive_framework_agreement_m5_p5,inclusive_framework_agreement,2021-10-08,FIRM_CSCO,CSCO,1,"[-5,+5]",-0.0085271357886
inclusive_framework_agreement_m1_p1,inclusive_framework_agreement,2021-10-08,FIRM_DCO,DCO,0,"[-1,+1]",-0.0070022543136074
inclusive_framework_agreement_m3_p3,inclusive_framework_agreement,2021-10-08,FIRM_DCO,DCO,0,"[-3,+3]",-0.055181876497812504
inclusive_framework_agreement_m5_p5,inclusive_framework_agreement,2021-10-08,FIRM_DCO,DCO,0,"[-5,+5]",-0.051490029892732006
inclusive_framework_agreement_m1_p1,inclusive_framework_agreement,2021-10-08,FIRM_DGII,DGII,0,"[-1,+1]",-0.0035490125369669998
inclusive_framework_agreement_m3_p3,inclusive_framework_agreement,2021-10-08,FIRM_DGII,DGII,0,"[-3,+3]",0.002604833598998489
inclusive_framework_agreement_m5_p5,inclusive_framework_agreement,2021-10-08,FIRM_DGII,DGII,0,"[-5,+5]",-0.01698003065489911
inclusive_framework_agreement_m1_p1,inclusive_framework_agreement,2021-10-08,FIRM_DOCN,DOCN,0,"[-1,+1]",0.021726630231743302
inclusive_framework_agreement_m3_p3,inclusive_framework_agreement,2021-10-08,FIRM_DOCN,DOCN,0,"[-3,+3]",0.1342980474162682
inclusive_framework_agreement_m5_p5,inclusive_framework_agreement,2021-10-08,FIRM_DOCN,DOCN,0,"[-5,+5]",0.107704973111688
inclusive_framework_agreement_m1_p1,inclusive_framework_agreement,2021-10-08,FIRM_DSS,DSS,0,"[-1,+1]",0.0380513016992321
inclusive_framework_agreement_m3_p3,inclusive_framework_agreement,2021-10-08,FIRM_DSS,DSS,0,"[-3,+3]",-0.05432956479700601
inclusive_framework_agreement_m5_p5,inclusive_framework_agreement,2021-10-08,FIRM_DSS,DSS,0,"[-5,+5]",-0.1025333936582798
inclusive_framework_agreement_m1_p1,inclusive_framework_agreement,2021-10-08,FIRM_EGHT,EGHT,0,"[-1,+1]",-0.000371097253201301
inclusive_framework_agreement_m3_p3,inclusive_framework_agreement,2021-10-08,FIRM_EGHT,EGHT,0,"[-3,+3]",0.0162890272251954
inclusive_framework_agreement_m5_p5,inclusive_framework_agreement,2021-10-08,FIRM_EGHT,EGHT,0,"[-5,+5]",-0.0023862699980101987
inclusive_framework_agreement_m1_p1,inclusive_framework_agreement,2021-10-08,FIRM_FIVN,FIVN,0,"[-1,+1]",-0.0528171550425166
inclusive_framework_agreement_m3_p3,inclusive_framework_agreement,2021-10-08,FIRM_FIVN,FIVN,0,"[-3,+3]",-0.026792403395319103
inclusive_framework_agreement_m5_p5,inclusive_framework_agreement,2021-10-08,FIRM_FIVN,FIVN,0,"[-5,+5]",-0.06706733617917639
inclusive_framework_agreement_m1_p1,inclusive_framework_agreement,2021-10-08,FIRM_FORM,FORM,0,"[-1,+1]",0.0018937136388728001
inclusive_framework_agreement_m3_p3,inclusive_framework_agreement,2021-10-08,FIRM_FORM,FORM,0,"[-3,+3]",-0.0549018131294099
inclusive_framework_agreement_m5_p5,inclusive_framework_agreement,2021-10-08,FIRM_FORM,FORM,0,"[-5,+5]",-0.06732473065793501
inclusive_framework_agreement_m1_p1,inclusive_framework_agreement,2021-10-08,FIRM_FTNT,FTNT,1,"[-1,+1]",0.0199965844856846
inclusive_framework_agreement_m3_p3,inclusive_framework_agreement,2021-10-08,FIRM_FTNT,FTNT,1,"[-3,+3]",0.0502052135227682
inclusive_framework_agreement_m5_p5,inclusive_framework_agreement,2021-10-08,FIRM_FTNT,FTNT,1,"[-5,+5]",0.0463893532173456
inclusive_framework_agreement_m1_p1,inclusive_framework_agreement,2021-10-08,FIRM_GOOGL,GOOGL,1,"[-1,+1]",0.013323452787845101
inclusive_framework_agreement_m3_p3,inclusive_framework_agreement,2021-10-08,FIRM_GOOGL,GOOGL,1,"[-3,+3]",0.0082112891838581
inclusive_framework_agreement_m5_p5,inclusive_framework_agreement,2021-10-08,FIRM_GOOGL,GOOGL,1,"[-5,+5]",0.0257348638724425
inclusive_framework_agreement_m1_p1,inclusive_framework_agreement,2021-10-08,FIRM_IBM,IBM,1,"[-1,+1]",0.004056711088482601
inclusive_framework_agreement_m3_p3,inclusive_framework_agreement,2021-10-08,FIRM_IBM,IBM,1,"[-3,+3]",-0.0442333807364326
inclusive_framework_agreement_m5_p5,inclusive_framework_agreement,2021-10-08,FIRM_IBM,IBM,1,"[-5,+5]",0.009857643293624804
inclusive_framework_agreement_m1_p1,inclusive_framework_agreement,2021-10-08,FIRM_INTC,INTC,1,"[-1,+1]",-0.0064888355091312
inclusive_framework_agreement_m3_p3,inclusive_framework_agreement,2021-10-08,FIRM_INTC,INTC,1,"[-3,+3]",-0.043602354980679194
inclusive_framework_agreement_m5_p5,inclusive_framework_agreement,2021-10-08,FIRM_INTC,INTC,1,"[-5,+5]",-0.008307122794452998
inclusive_framework_agreement_m1_p1,inclusive_framework_agreement,2021-10-08,FIRM_INTU,INTU,1,"[-1,+1]",-0.0125206193539283
inclusive_framework_agreement_m3_p3,inclusive_framework_agreement,2021-10-08,FIRM_INTU,INTU,1,"[-3,+3]",-0.0013498876587147001
inclusive_framework_agreement_m5_p5,inclusive_framework_agreement,2021-10-08,FIRM_INTU,INTU,1,"[-5,+5]",-0.005763570404633602
inclusive_framework_agreement_m1_p1,inclusive_framework_agreement,2021-10-08,FIRM_KLAC,KLAC,1,"[-1,+1]",-0.008355951077005399
inclusive_framework_agreement_m3_p3,inclusive_framework_agreement,2021-10-08,FIRM_KLAC,KLAC,1,"[-3,+3]",-0.047381678678819206
inclusive_framework_agreement_m5_p5,inclusive_framework_agreement,2021-10-08,FIRM_KLAC,KLAC,1,"[-5,+5]",-0.0465180501149375
inclusive_framework_agreement_m1_p1,inclusive_framework_agreement,2021-10-08,FIRM_KLTR,KLTR,0,"[-1,+1]",-0.0653557199290702
inclusive_framework_agreement_m3_p3,inclusive_framework_agreement,2021-10-08,FIRM_KLTR,KLTR,0,"[-3,+3]",0.02365119206499469
inclusive_framework_agreement_m5_p5,inclusive_framework_agreement,2021-10-08,FIRM_KLTR,KLTR,0,"[-5,+5]",-0.048849764847465824
inclusive_framework_agreement_m1_p1,inclusive_framework_agreement,2021-10-08,FIRM_LAW,LAW,0,"[-1,+1]",0.030268038037260803
inclusive_framework_agreement_m3_p3,inclusive_framework_agreement,2021-10-08,FIRM_LAW,LAW,0,"[-3,+3]",0.07130356175424471
inclusive_framework_agreement_m5_p5,inclusive_framework_agreement,2021-10-08,FIRM_LAW,LAW,0,"[-5,+5]",-0.0235598552681738
inclusive_framework_agreement_m1_p1,inclusive_framework_agreement,2021-10-08,FIRM_LOGI,LOGI,1,"[-1,+1]",-0.0006762408414466995
inclusive_framework_agreement_m3_p3,inclusive_framework_agreement,2021-10-08,FIRM_LOGI,LOGI,1,"[-3,+3]",-0.0023345987927988043
inclusive_framework_agreement_m5_p5,inclusive_framework_agreement,2021-10-08,FIRM_LOGI,LOGI,1,"[-5,+5]",-0.03271142197940691
inclusive_framework_agreement_m1_p1,inclusive_framework_agreement,2021-10-08,FIRM_LRCX,LRCX,1,"[-1,+1]",0.004851161203507001
inclusive_framework_agreement_m3_p3,inclusive_framework_agreement,2021-10-08,FIRM_LRCX,LRCX,1,"[-3,+3]",-0.0311829751594132
inclusive_framework_agreement_m5_p5,inclusive_framework_agreement,2021-10-08,FIRM_LRCX,LRCX,1,"[-5,+5]",-0.0384695873833097
inclusive_framework_agreement_m1_p1,inclusive_framework_agreement,2021-10-08,FIRM_LZ,LZ,0,"[-1,+1]",-0.008331992751657503
inclusive_framework_agreement_m3_p3,inclusive_framework_agreement,2021-10-08,FIRM_LZ,LZ,0,"[-3,+3]",-0.027338166972667485
inclusive_framework_agreement_m5_p5,inclusive_framework_agreement,2021-10-08,FIRM_LZ,LZ,0,"[-5,+5]",-0.0819047760305941
inclusive_framework_agreement_m1_p1,inclusive_framework_agreement,2021-10-08,FIRM_MCHP,MCHP,1,"[-1,+1]",-0.0227684483437897
inclusive_framework_agreement_m3_p3,inclusive_framework_agreement,2021-10-08,FIRM_MCHP,MCHP,1,"[-3,+3]",-0.0633495626179045
inclusive_framework_agreement_m5_p5,inclusive_framework_agreement,2021-10-08,FIRM_MCHP,MCHP,1,"[-5,+5]",-0.08325978785637521
inclusive_framework_agreement_m1_p1,inclusive_framework_agreement,2021-10-08,FIRM_META,META,1,"[-1,+1]",-0.0212886367166209
inclusive_framework_agreement_m3_p3,inclusive_framework_agreement,2021-10-08,FIRM_META,META,1,"[-3,+3]",-0.025906680259142303
inclusive_framework_agreement_m5_p5,inclusive_framework_agreement,2021-10-08,FIRM_META,META,1,"[-5,+5]",-0.07427620448245151
inclusive_framework_agreement_m1_p1,inclusive_framework_agreement,2021-10-08,FIRM_MITK,MITK,0,"[-1,+1]",-0.0185230604748371
inclusive_framework_agreement_m3_p3,inclusive_framework_agreement,2021-10-08,FIRM_MITK,MITK,0,"[-3,+3]",-0.013603149009299301
inclusive_framework_agreement_m5_p5,inclusive_framework_agreement,2021-10-08,FIRM_MITK,MITK,0,"[-5,+5]",-0.009880296143036702
inclusive_framework_agreement_m1_p1,inclusive_framework_agreement,2021-10-08,FIRM_MSFT,MSFT,1,"[-1,+1]",0.007378930221742401
inclusive_framework_agreement_m3_p3,inclusive_framework_agreement,2021-10-08,FIRM_MSFT,MSFT,1,"[-3,+3]",0.0248579546521234
inclusive_framework_agreement_m5_p5,inclusive_framework_agreement,2021-10-08,FIRM_MSFT,MSFT,1,"[-5,+5]",0.0458822114583064
inclusive_framework_agreement_m1_p1,inclusive_framework_agreement,2021-10-08,FIRM_MSI,MSI,1,"[-1,+1]",0.0116603536066221
inclusive_framework_agreement_m3_p3,inclusive_framework_agreement,2021-10-08,FIRM_MSI,MSI,1,"[-3,+3]",0.020877697109211654
inclusive_framework_agreement_m5_p5,inclusive_framework_agreement,2021-10-08,FIRM_MSI,MSI,1,"[-5,+5]",0.001601898230366456
inclusive_framework_agreement_m1_p1,inclusive_framework_agreement,2021-10-08,FIRM_MU,MU,1,"[-1,+1]",-0.0067826855195853
inclusive_framework_agreement_m3_p3,inclusive_framework_agreement,2021-10-08,FIRM_MU,MU,1,"[-3,+3]",-0.0826303717095615
inclusive_framework_agreement_m5_p5,inclusive_framework_agreement,2021-10-08,FIRM_MU,MU,1,"[-5,+5]",-0.0778197731979772
inclusive_framework_agreement_m1_p1,inclusive_framework_agreement,2021-10-08,FIRM_NOW,NOW,1,"[-1,+1]",-0.0181349691007053
inclusive_framework_agreement_m3_p3,inclusive_framework_agreement,2021-10-08,FIRM_NOW,NOW,1,"[-3,+3]",0.013393088692509898
inclusive_framework_agreement_m5_p5,inclusive_framework_agreement,2021-10-08,FIRM_NOW,NOW,1,"[-5,+5]",0.033459676910210005
inclusive_framework_agreement_m1_p1,inclusive_framework_agreement,2021-10-08,FIRM_NXPI,NXPI,1,"[-1,+1]",-0.0227605465396063
inclusive_framework_agreement_m3_p3,inclusive_framework_agreement,2021-10-08,FIRM_NXPI,NXPI,1,"[-3,+3]",-0.052162970782359305
inclusive_framework_agreement_m5_p5,inclusive_framework_agreement,2021-10-08,FIRM_NXPI,NXPI,1,"[-5,+5]",-0.0616400991070217
inclusive_framework_agreement_m1_p1,inclusive_framework_agreement,2021-10-08,FIRM_ORCL,ORCL,1,"[-1,+1]",0.0493737164072668
inclusive_framework_agreement_m3_p3,inclusive_framework_agreement,2021-10-08,FIRM_ORCL,ORCL,1,"[-3,+3]",0.0597122381564438
inclusive_framework_agreement_m5_p5,inclusive_framework_agreement,2021-10-08,FIRM_ORCL,ORCL,1,"[-5,+5]",0.06320332388640779
inclusive_framework_agreement_m1_p1,inclusive_framework_agreement,2021-10-08,FIRM_PANW,PANW,1,"[-1,+1]",0.031316994922668
inclusive_framework_agreement_m3_p3,inclusive_framework_agreement,2021-10-08,FIRM_PANW,PANW,1,"[-3,+3]",0.05108159824541471
inclusive_framework_agreement_m5_p5,inclusive_framework_agreement,2021-10-08,FIRM_PANW,PANW,1,"[-5,+5]",0.028272860858096903
inclusive_framework_agreement_m1_p1,inclusive_framework_agreement,2021-10-08,FIRM_QCOM,QCOM,1,"[-1,+1]",-0.021100177918251202
inclusive_framework_agreement_m3_p3,inclusive_framework_agreement,2021-10-08,FIRM_QCOM,QCOM,1,"[-3,+3]",-0.033743426073351804
inclusive_framework_agreement_m5_p5,inclusive_framework_agreement,2021-10-08,FIRM_QCOM,QCOM,1,"[-5,+5]",-0.020798199866110298
inclusive_framework_agreement_m1_p1,inclusive_framework_agreement,2021-10-08,FIRM_QNST,QNST,0,"[-1,+1]",-0.002195345189019999
inclusive_framework_agreement_m3_p3,inclusive_framework_agreement,2021-10-08,FIRM_QNST,QNST,0,"[-3,+3]",-0.028238313279086602
inclusive_framework_agreement_m5_p5,inclusive_framework_agreement,2021-10-08,FIRM_QNST,QNST,0,"[-5,+5]",-0.060859703124499995
inclusive_framework_agreement_m1_p1,inclusive_framework_agreement,2021-10-08,FIRM_RAMP,RAMP,0,"[-1,+1]",0.0681712519504404
inclusive_framework_agreement_m3_p3,inclusive_framework_agreement,2021-10-08,FIRM_RAMP,RAMP,0,"[-3,+3]",0.07625744256973069
inclusive_framework_agreement_m5_p5,inclusive_framework_agreement,2021-10-08,FIRM_RAMP,RAMP,0,"[-5,+5]",0.0976121975308319
inclusive_framework_agreement_m1_p1,inclusive_framework_agreement,2021-10-08,FIRM_ROP,ROP,1,"[-1,+1]",7.717451558339992e-05
inclusive_framework_agreement_m3_p3,inclusive_framework_agreement,2021-10-08,FIRM_ROP,ROP,1,"[-3,+3]",0.004834303388467899
inclusive_framework_agreement_m5_p5,inclusive_framework_agreement,2021-10-08,FIRM_ROP,ROP,1,"[-5,+5]",0.0169633886210806
inclusive_framework_agreement_m1_p1,inclusive_framework_agreement,2021-10-08,FIRM_RPD,RPD,0,"[-1,+1]",0.0077277884389487005
inclusive_framework_agreement_m3_p3,inclusive_framework_agreement,2021-10-08,FIRM_RPD,RPD,0,"[-3,+3]",0.0575849098530329
inclusive_framework_agreement_m5_p5,inclusive_framework_agreement,2021-10-08,FIRM_RPD,RPD,0,"[-5,+5]",0.03320817200596579
inclusive_framework_agreement_m1_p1,inclusive_framework_agreement,2021-10-08,FIRM_SCOR,SCOR,0,"[-1,+1]",-0.0101525744505376
inclusive_framework_agreement_m3_p3,inclusive_framework_agreement,2021-10-08,FIRM_SCOR,SCOR,0,"[-3,+3]",-0.04716946022385139
inclusive_framework_agreement_m5_p5,inclusive_framework_agreement,2021-10-08,FIRM_SCOR,SCOR,0,"[-5,+5]",-0.0882765020120014
inclusive_framework_agreement_m1_p1,inclusive_framework_agreement,2021-10-08,FIRM_SCSC,SCSC,1,"[-1,+1]",0.0425041218430241
inclusive_framework_agreement_m3_p3,inclusive_framework_agreement,2021-10-08,FIRM_SCSC,SCSC,1,"[-3,+3]",-0.002165696371381201
inclusive_framework_agreement_m5_p5,inclusive_framework_agreement,2021-10-08,FIRM_SCSC,SCSC,1,"[-5,+5]",0.03326531312536251
inclusive_framework_agreement_m1_p1,inclusive_framework_agreement,2021-10-08,FIRM_SMSI,SMSI,0,"[-1,+1]",0.0866929842705167
inclusive_framework_agreement_m3_p3,inclusive_framework_agreement,2021-10-08,FIRM_SMSI,SMSI,0,"[-3,+3]",0.1203110937142452
inclusive_framework_agreement_m5_p5,inclusive_framework_agreement,2021-10-08,FIRM_SMSI,SMSI,0,"[-5,+5]",0.1138518818834357
inclusive_framework_agreement_m1_p1,inclusive_framework_agreement,2021-10-08,FIRM_SNPS,SNPS,1,"[-1,+1]",-0.0164250338421334
inclusive_framework_agreement_m3_p3,inclusive_framework_agreement,2021-10-08,FIRM_SNPS,SNPS,1,"[-3,+3]",0.0033681571545470974
inclusive_framework_agreement_m5_p5,inclusive_framework_agreement,2021-10-08,FIRM_SNPS,SNPS,1,"[-5,+5]",-0.007592117843857296
inclusive_framework_agreement_m1_p1,inclusive_framework_agreement,2021-10-08,FIRM_SPSC,SPSC,0,"[-1,+1]",-0.0105666160362884
inclusive_framework_agreement_m3_p3,inclusive_framework_agreement,2021-10-08,FIRM_SPSC,SPSC,0,"[-3,+3]",0.0015811194992502997
inclusive_framework_agreement_m5_p5,inclusive_framework_agreement,2021-10-08,FIRM_SPSC,SPSC,0,"[-5,+5]",-0.0201585948140499
inclusive_framework_agreement_m1_p1,inclusive_framework_agreement,2021-10-08,FIRM_STM,STM,1,"[-1,+1]",-0.0299040164182557
inclusive_framework_agreement_m3_p3,inclusive_framework_agreement,2021-10-08,FIRM_STM,STM,1,"[-3,+3]",-0.0308018434554179
inclusive_framework_agreement_m5_p5,inclusive_framework_agreement,2021-10-08,FIRM_STM,STM,1,"[-5,+5]",-0.0559829755115313
inclusive_framework_agreement_m1_p1,inclusive_framework_agreement,2021-10-08,FIRM_TCX,TCX,0,"[-1,+1]",-0.014015854834569002
inclusive_framework_agreement_m3_p3,inclusive_framework_agreement,2021-10-08,FIRM_TCX,TCX,0,"[-3,+3]",-0.0339778182239741
inclusive_framework_agreement_m5_p5,inclusive_framework_agreement,2021-10-08,FIRM_TCX,TCX,0,"[-5,+5]",0.006959919541243097
inclusive_framework_agreement_m1_p1,inclusive_framework_agreement,2021-10-08,FIRM_TEL,TEL,1,"[-1,+1]",0.012116236081253803
inclusive_framework_agreement_m3_p3,inclusive_framework_agreement,2021-10-08,FIRM_TEL,TEL,1,"[-3,+3]",-0.012690267604968499
inclusive_framework_agreement_m5_p5,inclusive_framework_agreement,2021-10-08,FIRM_TEL,TEL,1,"[-5,+5]",0.040673089786826704
inclusive_framework_agreement_m1_p1,inclusive_framework_agreement,2021-10-08,FIRM_TENB,TENB,0,"[-1,+1]",0.0067166076093486005
inclusive_framework_agreement_m3_p3,inclusive_framework_agreement,2021-10-08,FIRM_TENB,TENB,0,"[-3,+3]",0.08700323485931111
inclusive_framework_agreement_m5_p5,inclusive_framework_agreement,2021-10-08,FIRM_TENB,TENB,0,"[-5,+5]",0.066987172644572
inclusive_framework_agreement_m1_p1,inclusive_framework_agreement,2021-10-08,FIRM_TLS,TLS,0,"[-1,+1]",-0.027319750971746302
inclusive_framework_agreement_m3_p3,inclusive_framework_agreement,2021-10-08,FIRM_TLS,TLS,0,"[-3,+3]",-0.016328490008063006
inclusive_framework_agreement_m5_p5,inclusive_framework_agreement,2021-10-08,FIRM_TLS,TLS,0,"[-5,+5]",-0.029157618289468296
inclusive_framework_agreement_m1_p1,inclusive_framework_agreement,2021-10-08,FIRM_TWLO,TWLO,1,"[-1,+1]",0.015610364908823702
inclusive_framework_agreement_m3_p3,inclusive_framework_agreement,2021-10-08,FIRM_TWLO,TWLO,1,"[-3,+3]",0.0781262079139883
inclusive_framework_agreement_m5_p5,inclusive_framework_agreement,2021-10-08,FIRM_TWLO,TWLO,1,"[-5,+5]",0.0717853792324838
inclusive_framework_agreement_m1_p1,inclusive_framework_agreement,2021-10-08,FIRM_TXN,TXN,1,"[-1,+1]",-0.0016960055486929
inclusive_framework_agreement_m3_p3,inclusive_framework_agreement,2021-10-08,FIRM_TXN,TXN,1,"[-3,+3]",-0.0381966925204045
inclusive_framework_agreement_m5_p5,inclusive_framework_agreement,2021-10-08,FIRM_TXN,TXN,1,"[-5,+5]",-0.0186264001720078
inclusive_framework_agreement_m1_p1,inclusive_framework_agreement,2021-10-08,FIRM_VNT,VNT,1,"[-1,+1]",-0.0179935883044147
inclusive_framework_agreement_m3_p3,inclusive_framework_agreement,2021-10-08,FIRM_VNT,VNT,1,"[-3,+3]",-0.0338433493596781
inclusive_framework_agreement_m5_p5,inclusive_framework_agreement,2021-10-08,FIRM_VNT,VNT,1,"[-5,+5]",-0.015148300234181098
inclusive_framework_agreement_m1_p1,inclusive_framework_agreement,2021-10-08,FIRM_WK,WK,0,"[-1,+1]",-0.0171240447369082
inclusive_framework_agreement_m3_p3,inclusive_framework_agreement,2021-10-08,FIRM_WK,WK,0,"[-3,+3]",-0.016119949335027996
inclusive_framework_agreement_m5_p5,inclusive_framework_agreement,2021-10-08,FIRM_WK,WK,0,"[-5,+5]",-0.020821708769442795
inclusive_framework_agreement_m1_p1,inclusive_framework_agreement,2021-10-08,FIRM_XMTR,XMTR,0,"[-1,+1]",0.0346946178480756
inclusive_framework_agreement_m3_p3,inclusive_framework_agreement,2021-10-08,FIRM_XMTR,XMTR,0,"[-3,+3]",0.0512605958044082
inclusive_framework_agreement_m5_p5,inclusive_framework_agreement,2021-10-08,FIRM_XMTR,XMTR,0,"[-5,+5]",0.007392821187070399
globe_model_rules_m1_p1,globe_model_rules,2021-12-20,FIRM_AAPL,AAPL,1,"[-1,+1]",-0.0031552078524858
globe_model_rules_m3_p3,globe_model_rules,2021-12-20,FIRM_AAPL,AAPL,1,"[-3,+3]",-0.012367398798076502
globe_model_rules_m5_p5,globe_model_rules,2021-12-20,FIRM_AAPL,AAPL,1,"[-5,+5]",-0.011172699120323499
globe_model_rules_m1_p1,globe_model_rules,2021-12-20,FIRM_ABNB,ABNB,1,"[-1,+1]",0.050264366297595
globe_model_rules_m3_p3,globe_model_rules,2021-12-20,FIRM_ABNB,ABNB,1,"[-3,+3]",-0.0037418167950200925
globe_model_rules_m5_p5,globe_model_rules,2021-12-20,FIRM_ABNB,ABNB,1,"[-5,+5]",-0.07147685594876758
globe_model_rules_m1_p1,globe_model_rules,2021-12-20,FIRM_ACN,ACN,1,"[-1,+1]",-0.0268177809918997
globe_model_rules_m3_p3,globe_model_rules,2021-12-20,FIRM_ACN,ACN,1,"[-3,+3]",0.06344163153570061
globe_model_rules_m5_p5,globe_model_rules,2021-12-20,FIRM_ACN,ACN,1,"[-5,+5]",0.0799517150509631
globe_model_rules_m1_p1,globe_model_rules,2021-12-20,FIRM_ADBE,ADBE,1,"[-1,+1]",-0.0226388884989966
globe_model_rules_m3_p3,globe_model_rules,2021-12-20,FIRM_ADBE,ADBE,1,"[-3,+3]",-0.0999158000197865
globe_model_rules_m5_p5,globe_model_rules,2021-12-20,FIRM_ADBE,ADBE,1,"[-5,+5]",-0.14956284708008008
globe_model_rules_m1_p1,globe_model_rules,2021-12-20,FIRM_ADI,ADI,1,"[-1,+1]",-0.010401390008989318
globe_model_rules_m3_p3,globe_model_rules,2021-12-20,FIRM_ADI,ADI,1,"[-3,+3]",-0.04423971076695972
globe_model_rules_m5_p5,globe_model_rules,2021-12-20,FIRM_ADI,ADI,1,"[-5,+5]",-0.06087669926072462
globe_model_rules_m1_p1,globe_model_rules,2021-12-20,FIRM_AGYS,AGYS,0,"[-1,+1]",0.0619943385600228
globe_model_rules_m3_p3,globe_model_rules,2021-12-20,FIRM_AGYS,AGYS,0,"[-3,+3]",0.0041145582817891
globe_model_rules_m5_p5,globe_model_rules,2021-12-20,FIRM_AGYS,AGYS,0,"[-5,+5]",-0.047292759445212
globe_model_rules_m1_p1,globe_model_rules,2021-12-20,FIRM_AMAT,AMAT,1,"[-1,+1]",0.0242836202061162
globe_model_rules_m3_p3,globe_model_rules,2021-12-20,FIRM_AMAT,AMAT,1,"[-3,+3]",0.027704424726353497
globe_model_rules_m5_p5,globe_model_rules,2021-12-20,FIRM_AMAT,AMAT,1,"[-5,+5]",0.033969244101865595
globe_model_rules_m1_p1,globe_model_rules,2021-12-20,FIRM_AMD,AMD,1,"[-1,+1]",0.0322830873249674
globe_model_rules_m3_p3,globe_model_rules,2021-12-20,FIRM_AMD,AMD,1,"[-3,+3]",0.0513649541721268
globe_model_rules_m5_p5,globe_model_rules,2021-12-20,FIRM_AMD,AMD,1,"[-5,+5]",0.0899059626370938
globe_model_rules_m1_p1,globe_model_rules,2021-12-20,FIRM_AMPL,AMPL,0,"[-1,+1]",0.0626924030909224
globe_model_rules_m3_p3,globe_model_rules,2021-12-20,FIRM_AMPL,AMPL,0,"[-3,+3]",0.0910151692425239
globe_model_rules_m5_p5,globe_model_rules,2021-12-20,FIRM_AMPL,AMPL,0,"[-5,+5]",-0.010820492360606403
globe_model_rules_m1_p1,globe_model_rules,2021-12-20,FIRM_APH,APH,1,"[-1,+1]",-0.0108381454132193
globe_model_rules_m3_p3,globe_model_rules,2021-12-20,FIRM_APH,APH,1,"[-3,+3]",0.0098594733630154
globe_model_rules_m5_p5,globe_model_rules,2021-12-20,FIRM_APH,APH,1,"[-5,+5]",0.0254077561438486
globe_model_rules_m1_p1,globe_model_rules,2021-12-20,FIRM_API,API,0,"[-1,+1]",0.046123976319734
globe_model_rules_m3_p3,globe_model_rules,2021-12-20,FIRM_API,API,0,"[-3,+3]",-0.04771638425175109
globe_model_rules_m5_p5,globe_model_rules,2021-12-20,FIRM_API,API,0,"[-5,+5]",-0.16962231388462237
globe_model_rules_m1_p1,globe_model_rules,2021-12-20,FIRM_APPF,APPF,0,"[-1,+1]",0.07394669557810989
globe_model_rules_m3_p3,globe_model_rules,2021-12-20,FIRM_APPF,APPF,0,"[-3,+3]",0.0071117795925754995
globe_model_rules_m5_p5,globe_model_rules,2021-12-20,FIRM_APPF,APPF,0,"[-5,+5]",0.006862512475307413
globe_model_rules_m1_p1,globe_model_rules,2021-12-20,FIRM_APPN,APPN,0,"[-1,+1]",0.06668069805446555
globe_model_rules_m3_p3,globe_model_rules,2021-12-20,FIRM_APPN,APPN,0,"[-3,+3]",0.04835433915954726
globe_model_rules_m5_p5,globe_model_rules,2021-12-20,FIRM_APPN,APPN,0,"[-5,+5]",-0.0023596306656825296
globe_model_rules_m1_p1,globe_model_rules,2021-12-20,FIRM_ASYS,ASYS,0,"[-1,+1]",0.0186476360769196
globe_model_rules_m3_p3,globe_model_rules,2021-12-20,FIRM_ASYS,ASYS,0,"[-3,+3]",0.053133193649364
globe_model_rules_m5_p5,globe_model_rules,2021-12-20,FIRM_ASYS,ASYS,0,"[-5,+5]",-0.009256448420424408
globe_model_rules_m1_p1,globe_model_rules,2021-12-20,FIRM_ATEN,ATEN,0,"[-1,+1]",0.041437513972743895
globe_model_rules_m3_p3,globe_model_rules,2021-12-20,FIRM_ATEN,ATEN,0,"[-3,+3]",0.07194256205958789
globe_model_rules_m5_p5,globe_model_rules,2021-12-20,FIRM_ATEN,ATEN,0,"[-5,+5]",0.048761474727398814
globe_model_rules_m1_p1,globe_model_rules,2021-12-20,FIRM_AUDC,AUDC,0,"[-1,+1]",0.016565463824761196
globe_model_rules_m3_p3,globe_model_rules,2021-12-20,FIRM_AUDC,AUDC,0,"[-3,+3]",-0.029314525385588
globe_model_rules_m5_p5,globe_model_rules,2021-12-20,FIRM_AUDC,AUDC,0,"[-5,+5]",-0.047153801412467
globe_model_rules_m1_p1,globe_model_rules,2021-12-20,FIRM_AVGO,AVGO,1,"[-1,+1]",0.039347842024226504
globe_model_rules_m3_p3,globe_model_rules,2021-12-20,FIRM_AVGO,AVGO,1,"[-3,+3]",0.060896304220386
globe_model_rules_m5_p5,globe_model_rules,2021-12-20,FIRM_AVGO,AVGO,1,"[-5,+5]",0.053497050311984005
globe_model_rules_m1_p1,globe_model_rules,2021-12-20,FIRM_AXTI,AXTI,0,"[-1,+1]",0.0898978410389373
globe_model_rules_m3_p3,globe_model_rules,2021-12-20,FIRM_AXTI,AXTI,0,"[-3,+3]",0.0894744322339079
globe_model_rules_m5_p5,globe_model_rules,2021-12-20,FIRM_AXTI,AXTI,0,"[-5,+5]",0.02526825176084279
globe_model_rules_m1_p1,globe_model_rules,2021-12-20,FIRM_BAND,BAND,0,"[-1,+1]",0.0653827147753877
globe_model_rules_m3_p3,globe_model_rules,2021-12-20,FIRM_BAND,BAND,0,"[-3,+3]",0.021378704308853195
globe_model_rules_m5_p5,globe_model_rules,2021-12-20,FIRM_BAND,BAND,0,"[-5,+5]",-0.018034088832235194
globe_model_rules_m1_p1,globe_model_rules,2021-12-20,FIRM_BL,BL,0,"[-1,+1]",0.038838451471850395
globe_model_rules_m3_p3,globe_model_rules,2021-12-20,FIRM_BL,BL,0,"[-3,+3]",0.012164406128360693
globe_model_rules_m5_p5,globe_model_rules,2021-12-20,FIRM_BL,BL,0,"[-5,+5]",-0.0317105913475772
globe_model_rules_m1_p1,globe_model_rules,2021-12-20,FIRM_CHKP,CHKP,1,"[-1,+1]",-0.016489483697974
globe_model_rules_m3_p3,globe_model_rules,2021-12-20,FIRM_CHKP,CHKP,1,"[-3,+3]",0.003959079759357501
globe_model_rules_m5_p5,globe_model_rules,2021-12-20,FIRM_CHKP,CHKP,1,"[-5,+5]",0.051678035001121
globe_model_rules_m1_p1,globe_model_rules,2021-12-20,FIRM_CIEN,CIEN,1,"[-1,+1]",0.0221946218294135
globe_model_rules_m3_p3,globe_model_rules,2021-12-20,FIRM_CIEN,CIEN,1,"[-3,+3]",0.003447821008803498
globe_model_rules_m5_p5,globe_model_rules,2021-12-20,FIRM_CIEN,CIEN,1,"[-5,+5]",0.0425589810600016
globe_model_rules_m1_p1,globe_model_rules,2021-12-20,FIRM_COUR,COUR,0,"[-1,+1]",-0.0007534087531420978
globe_model_rules_m3_p3,globe_model_rules,2021-12-20,FIRM_COUR,COUR,0,"[-3,+3]",-0.0361641123640757
globe_model_rules_m5_p5,globe_model_rules,2021-12-20,FIRM_COUR,COUR,0,"[-5,+5]",-0.0481847625982183
globe_model_rules_m1_p1,globe_model_rules,2021-12-20,FIRM_CSCO,CSCO,1,"[-1,+1]",0.004483395456981299
globe_model_rules_m3_p3,globe_model_rules,2021-12-20,FIRM_CSCO,CSCO,1,"[-3,+3]",0.051680208312481504
globe_model_rules_m5_p5,globe_model_rules,2021-12-20,FIRM_CSCO,CSCO,1,"[-5,+5]",0.059465822070494
globe_model_rules_m1_p1,globe_model_rules,2021-12-20,FIRM_DCO,DCO,0,"[-1,+1]",0.0065392215140627034
globe_model_rules_m3_p3,globe_model_rules,2021-12-20,FIRM_DCO,DCO,0,"[-3,+3]",0.0161669664446199
globe_model_rules_m5_p5,globe_model_rules,2021-12-20,FIRM_DCO,DCO,0,"[-5,+5]",0.025426131205322465
globe_model_rules_m1_p1,globe_model_rules,2021-12-20,FIRM_DGII,DGII,0,"[-1,+1]",5.0735238434101125e-05
globe_model_rules_m3_p3,globe_model_rules,2021-12-20,FIRM_DGII,DGII,0,"[-3,+3]",-0.0072499888110598995
globe_model_rules_m5_p5,globe_model_rules,2021-12-20,FIRM_DGII,DGII,0,"[-5,+5]",0.009578261766197003
globe_model_rules_m1_p1,globe_model_rules,2021-12-20,FIRM_DOCN,DOCN,0,"[-1,+1]",0.130029949970189
globe_model_rules_m3_p3,globe_model_rules,2021-12-20,FIRM_DOCN,DOCN,0,"[-3,+3]",0.06349836984132279
globe_model_rules_m5_p5,globe_model_rules,2021-12-20,FIRM_DOCN,DOCN,0,"[-5,+5]",-0.055828515353407104
globe_model_rules_m1_p1,globe_model_rules,2021-12-20,FIRM_DSS,DSS,0,"[-1,+1]",-0.0505175342510014
globe_model_rules_m3_p3,globe_model_rules,2021-12-20,FIRM_DSS,DSS,0,"[-3,+3]",-0.00800650493973061
globe_model_rules_m5_p5,globe_model_rules,2021-12-20,FIRM_DSS,DSS,0,"[-5,+5]",-0.09529452421061581
globe_model_rules_m1_p1,globe_model_rules,2021-12-20,FIRM_EGHT,EGHT,0,"[-1,+1]",0.0325976499818603
globe_model_rules_m3_p3,globe_model_rules,2021-12-20,FIRM_EGHT,EGHT,0,"[-3,+3]",0.015843382472578403
globe_model_rules_m5_p5,globe_model_rules,2021-12-20,FIRM_EGHT,EGHT,0,"[-5,+5]",-0.0188397688017436
globe_model_rules_m1_p1,globe_model_rules,2021-12-20,FIRM_FIVN,FIVN,0,"[-1,+1]",0.0690747909455611
globe_model_rules_m3_p3,globe_model_rules,2021-12-20,FIRM_FIVN,FIVN,0,"[-3,+3]",0.06367007367773411
globe_model_rules_m5_p5,globe_model_rules,2021-12-20,FIRM_FIVN,FIVN,0,"[-5,+5]",0.011220797315159308
globe_model_rules_m1_p1,globe_model_rules,2021-12-20,FIRM_FORM,FORM,0,"[-1,+1]",0.0370464341648841
globe_model_rules_m3_p3,globe_model_rules,2021-12-20,FIRM_FORM,FORM,0,"[-3,+3]",0.049183866806604706
globe_model_rules_m5_p5,globe_model_rules,2021-12-20,FIRM_FORM,FORM,0,"[-5,+5]",0.03793523086283929
globe_model_rules_m1_p1,globe_model_rules,2021-12-20,FIRM_FTNT,FTNT,1,"[-1,+1]",0.041948490311153004
globe_model_rules_m3_p3,globe_model_rules,2021-12-20,FIRM_FTNT,FTNT,1,"[-3,+3]",0.07652945248939581
globe_model_rules_m5_p5,globe_model_rules,2021-12-20,FIRM_FTNT,FTNT,1,"[-5,+5]",0.08532197845040435
globe_model_rules_m1_p1,globe_model_rules,2021-12-20,FIRM_GOOGL,GOOGL,1,"[-1,+1]",-0.0141396546218413
globe_model_rules_m3_p3,globe_model_rules,2021-12-20,FIRM_GOOGL,GOOGL,1,"[-3,+3]",-0.002793553533688699
globe_model_rules_m5_p5,globe_model_rules,2021-12-20,FIRM_GOOGL,GOOGL,1,"[-5,+5]",-0.0192016839460212
globe_model_rules_m1_p1,globe_model_rules,2021-12-20,FIRM_IBM,IBM,1,"[-1,+1]",0.0164694893453453
globe_model_rules_m3_p3,globe_model_rules,2021-12-20,FIRM_IBM,IBM,1,"[-3,+3]",0.030533890144037696
globe_model_rules_m5_p5,globe_model_rules,2021-12-20,FIRM_IBM,IBM,1,"[-5,+5]",0.056275519566288804
globe_model_rules_m1_p1,globe_model_rules,2021-12-20,FIRM_INTC,INTC,1,"[-1,+1]",-0.008565216076644198
globe_model_rules_m3_p3,globe_model_rules,2021-12-20,FIRM_INTC,INTC,1,"[-3,+3]",0.008389971306724097
globe_model_rules_m5_p5,globe_model_rules,2021-12-20,FIRM_INTC,INTC,1,"[-5,+5]",0.012583120365397198
globe_model_rules_m1_p1,globe_model_rules,2021-12-20,FIRM_INTU,INTU,1,"[-1,+1]",-0.0279260898564625
globe_model_rules_m3_p3,globe_model_rules,2021-12-20,FIRM_INTU,INTU,1,"[-3,+3]",-0.0294033386964115
globe_model_rules_m5_p5,globe_model_rules,2021-12-20,FIRM_INTU,INTU,1,"[-5,+5]",-0.05272028988428519
globe_model_rules_m1_p1,globe_model_rules,2021-12-20,FIRM_KLAC,KLAC,1,"[-1,+1]",0.0225917956626906
globe_model_rules_m3_p3,globe_model_rules,2021-12-20,FIRM_KLAC,KLAC,1,"[-3,+3]",0.028458318260214305
globe_model_rules_m5_p5,globe_model_rules,2021-12-20,FIRM_KLAC,KLAC,1,"[-5,+5]",0.040653537149965197
globe_model_rules_m1_p1,globe_model_rules,2021-12-20,FIRM_KLTR,KLTR,0,"[-1,+1]",-0.015106277176705905
globe_model_rules_m3_p3,globe_model_rules,2021-12-20,FIRM_KLTR,KLTR,0,"[-3,+3]",-0.005141566030710388
globe_model_rules_m5_p5,globe_model_rules,2021-12-20,FIRM_KLTR,KLTR,0,"[-5,+5]",-0.11994440613893528
globe_model_rules_m1_p1,globe_model_rules,2021-12-20,FIRM_LAW,LAW,0,"[-1,+1]",0.021562238506364212
globe_model_rules_m3_p3,globe_model_rules,2021-12-20,FIRM_LAW,LAW,0,"[-3,+3]",-0.04849873568882359
globe_model_rules_m5_p5,globe_model_rules,2021-12-20,FIRM_LAW,LAW,0,"[-5,+5]",-0.09230940103905108
globe_model_rules_m1_p1,globe_model_rules,2021-12-20,FIRM_LOGI,LOGI,1,"[-1,+1]",0.010370493258353302
globe_model_rules_m3_p3,globe_model_rules,2021-12-20,FIRM_LOGI,LOGI,1,"[-3,+3]",0.0162958014675762
globe_model_rules_m5_p5,globe_model_rules,2021-12-20,FIRM_LOGI,LOGI,1,"[-5,+5]",0.02584105459820471
globe_model_rules_m1_p1,globe_model_rules,2021-12-20,FIRM_LRCX,LRCX,1,"[-1,+1]",0.0100270794940637
globe_model_rules_m3_p3,globe_model_rules,2021-12-20,FIRM_LRCX,LRCX,1,"[-3,+3]",0.004828984303344298
globe_model_rules_m5_p5,globe_model_rules,2021-12-20,FIRM_LRCX,LRCX,1,"[-5,+5]",0.0061730437954716005
globe_model_rules_m1_p1,globe_model_rules,2021-12-20,FIRM_LZ,LZ,0,"[-1,+1]",0.023503920932097102
globe_model_rules_m3_p3,globe_model_rules,2021-12-20,FIRM_LZ,LZ,0,"[-3,+3]",0.00033483857603886554
globe_model_rules_m5_p5,globe_model_rules,2021-12-20,FIRM_LZ,LZ,0,"[-5,+5]",0.046107009946797166
globe_model_rules_m1_p1,globe_model_rules,2021-12-20,FIRM_MCHP,MCHP,1,"[-1,+1]",0.002152689029682799
globe_model_rules_m3_p3,globe_model_rules,2021-12-20,FIRM_MCHP,MCHP,1,"[-3,+3]",0.00025600128357810203
globe_model_rules_m5_p5,globe_model_rules,2021-12-20,FIRM_MCHP,MCHP,1,"[-5,+5]",-4.18996916159986e-06
globe_model_rules_m1_p1,globe_model_rules,2021-12-20,FIRM_META,META,1,"[-1,+1]",-0.009476448830149302
globe_model_rules_m3_p3,globe_model_rules,2021-12-20,FIRM_META,META,1,"[-3,+3]",-0.0190064511270177
globe_model_rules_m5_p5,globe_model_rules,2021-12-20,FIRM_META,META,1,"[-5,+5]",0.0384592841986337
globe_model_rules_m1_p1,globe_model_rules,2021-12-20,FIRM_MITK,MITK,0,"[-1,+1]",-0.0014529388216426996
globe_model_rules_m3_p3,globe_model_rules,2021-12-20,FIRM_MITK,MITK,0,"[-3,+3]",-0.0023991930359757024
globe_model_rules_m5_p5,globe_model_rules,2021-12-20,FIRM_MITK,MITK,0,"[-5,+5]",0.013098646995493898
globe_model_rules_m1_p1,globe_model_rules,2021-12-20,FIRM_MSFT,MSFT,1,"[-1,+1]",-5.477898294710024e-05
globe_model_rules_m3_p3,globe_model_rules,2021-12-20,FIRM_MSFT,MSFT,1,"[-3,+3]",-0.0043354179470602005
globe_model_rules_m5_p5,globe_model_rules,2021-12-20,FIRM_MSFT,MSFT,1,"[-5,+5]",-0.014053621393254697
globe_model_rules_m1_p1,globe_model_rules,2021-12-20,FIRM_MSI,MSI,1,"[-1,+1]",-0.007957368601548505
globe_model_rules_m3_p3,globe_model_rules,2021-12-20,FIRM_MSI,MSI,1,"[-3,+3]",-0.010589320330577403
globe_model_rules_m5_p5,globe_model_rules,2021-12-20,FIRM_MSI,MSI,1,"[-5,+5]",0.011014601295094097
globe_model_rules_m1_p1,globe_model_rules,2021-12-20,FIRM_MU,MU,1,"[-1,+1]",0.0848538710938546
globe_model_rules_m3_p3,globe_model_rules,2021-12-20,FIRM_MU,MU,1,"[-3,+3]",0.1019339804670496
globe_model_rules_m5_p5,globe_model_rules,2021-12-20,FIRM_MU,MU,1,"[-5,+5]",0.07268954240056151
globe_model_rules_m1_p1,globe_model_rules,2021-12-20,FIRM_NOW,NOW,1,"[-1,+1]",0.0286432810847978
globe_model_rules_m3_p3,globe_model_rules,2021-12-20,FIRM_NOW,NOW,1,"[-3,+3]",0.014023731635107901
globe_model_rules_m5_p5,globe_model_rules,2021-12-20,FIRM_NOW,NOW,1,"[-5,+5]",0.0004805900024828051
globe_model_rules_m1_p1,globe_model_rules,2021-12-20,FIRM_NXPI,NXPI,1,"[-1,+1]",0.021646629203460402
globe_model_rules_m3_p3,globe_model_rules,2021-12-20,FIRM_NXPI,NXPI,1,"[-3,+3]",0.009418004454596
globe_model_rules_m5_p5,globe_model_rules,2021-12-20,FIRM_NXPI,NXPI,1,"[-5,+5]",0.012197016866464303
globe_model_rules_m1_p1,globe_model_rules,2021-12-20,FIRM_ORCL,ORCL,1,"[-1,+1]",-0.1277986140268829
globe_model_rules_m3_p3,globe_model_rules,2021-12-20,FIRM_ORCL,ORCL,1,"[-3,+3]",-0.13086652948609062
globe_model_rules_m5_p5,globe_model_rules,2021-12-20,FIRM_ORCL,ORCL,1,"[-5,+5]",-0.1567147435771988
globe_model_rules_m1_p1,globe_model_rules,2021-12-20,FIRM_PANW,PANW,1,"[-1,+1]",0.0188483136682142
globe_model_rules_m3_p3,globe_model_rules,2021-12-20,FIRM_PANW,PANW,1,"[-3,+3]",0.06831891610812399
globe_model_rules_m5_p5,globe_model_rules,2021-12-20,FIRM_PANW,PANW,1,"[-5,+5]",0.04967023759144941
globe_model_rules_m1_p1,globe_model_rules,2021-12-20,FIRM_QCOM,QCOM,1,"[-1,+1]",0.0006110421526469012
globe_model_rules_m3_p3,globe_model_rules,2021-12-20,FIRM_QCOM,QCOM,1,"[-3,+3]",-0.019323290956719898
globe_model_rules_m5_p5,globe_model_rules,2021-12-20,FIRM_QCOM,QCOM,1,"[-5,+5]",-0.005181441508971998
globe_model_rules_m1_p1,globe_model_rules,2021-12-20,FIRM_QNST,QNST,0,"[-1,+1]",-0.000111357973743096
globe_model_rules_m3_p3,globe_model_rules,2021-12-20,FIRM_QNST,QNST,0,"[-3,+3]",-0.006443287647444996
globe_model_rules_m5_p5,globe_model_rules,2021-12-20,FIRM_QNST,QNST,0,"[-5,+5]",0.004698963913899706
globe_model_rules_m1_p1,globe_model_rules,2021-12-20,FIRM_RAMP,RAMP,0,"[-1,+1]",0.0529009526937288
globe_model_rules_m3_p3,globe_model_rules,2021-12-20,FIRM_RAMP,RAMP,0,"[-3,+3]",0.011527486656436
globe_model_rules_m5_p5,globe_model_rules,2021-12-20,FIRM_RAMP,RAMP,0,"[-5,+5]",-0.0188213633439096
globe_model_rules_m1_p1,globe_model_rules,2021-12-20,FIRM_ROP,ROP,1,"[-1,+1]",-0.0381006840475499
globe_model_rules_m3_p3,globe_model_rules,2021-12-20,FIRM_ROP,ROP,1,"[-3,+3]",0.0020022208624715966
globe_model_rules_m5_p5,globe_model_rules,2021-12-20,FIRM_ROP,ROP,1,"[-5,+5]",0.02839817338409479
globe_model_rules_m1_p1,globe_model_rules,2021-12-20,FIRM_RPD,RPD,0,"[-1,+1]",0.045577195881532896
globe_model_rules_m3_p3,globe_model_rules,2021-12-20,FIRM_RPD,RPD,0,"[-3,+3]",0.04488429919972679
globe_model_rules_m5_p5,globe_model_rules,2021-12-20,FIRM_RPD,RPD,0,"[-5,+5]",0.013841613903514894
globe_model_rules_m1_p1,globe_model_rules,2021-12-20,FIRM_SCOR,SCOR,0,"[-1,+1]",0.0362364343059465
globe_model_rules_m3_p3,globe_model_rules,2021-12-20,FIRM_SCOR,SCOR,0,"[-3,+3]",0.054862638707825304
globe_model_rules_m5_p5,globe_model_rules,2021-12-20,FIRM_SCOR,SCOR,0,"[-5,+5]",-0.007317617533784401
globe_model_rules_m1_p1,globe_model_rules,2021-12-20,FIRM_SCSC,SCSC,1,"[-1,+1]",0.013365286179055401
globe_model_rules_m3_p3,globe_model_rules,2021-12-20,FIRM_SCSC,SCSC,1,"[-3,+3]",0.025748198990900105
globe_model_rules_m5_p5,globe_model_rules,2021-12-20,FIRM_SCSC,SCSC,1,"[-5,+5]",0.026643258738157205
globe_model_rules_m1_p1,globe_model_rules,2021-12-20,FIRM_SMSI,SMSI,0,"[-1,+1]",-0.0014494567657561002
globe_model_rules_m3_p3,globe_model_rules,2021-12-20,FIRM_SMSI,SMSI,0,"[-3,+3]",-0.0392390290909149
globe_model_rules_m5_p5,globe_model_rules,2021-12-20,FIRM_SMSI,SMSI,0,"[-5,+5]",-0.0716251588143075
globe_model_rules_m1_p1,globe_model_rules,2021-12-20,FIRM_SNPS,SNPS,1,"[-1,+1]",0.0098917584913902
globe_model_rules_m3_p3,globe_model_rules,2021-12-20,FIRM_SNPS,SNPS,1,"[-3,+3]",0.033315960062060807
globe_model_rules_m5_p5,globe_model_rules,2021-12-20,FIRM_SNPS,SNPS,1,"[-5,+5]",0.016433457511084097
globe_model_rules_m1_p1,globe_model_rules,2021-12-20,FIRM_SPSC,SPSC,0,"[-1,+1]",0.058213105427502396
globe_model_rules_m3_p3,globe_model_rules,2021-12-20,FIRM_SPSC,SPSC,0,"[-3,+3]",0.0130443752881264
globe_model_rules_m5_p5,globe_model_rules,2021-12-20,FIRM_SPSC,SPSC,0,"[-5,+5]",0.018529425807749897
globe_model_rules_m1_p1,globe_model_rules,2021-12-20,FIRM_STM,STM,1,"[-1,+1]",0.020078693888885103
globe_model_rules_m3_p3,globe_model_rules,2021-12-20,FIRM_STM,STM,1,"[-3,+3]",-0.0016443796858950023
globe_model_rules_m5_p5,globe_model_rules,2021-12-20,FIRM_STM,STM,1,"[-5,+5]",0.015073576131136497
globe_model_rules_m1_p1,globe_model_rules,2021-12-20,FIRM_TCX,TCX,0,"[-1,+1]",-0.0013839694076889014
globe_model_rules_m3_p3,globe_model_rules,2021-12-20,FIRM_TCX,TCX,0,"[-3,+3]",-0.007282895976312599
globe_model_rules_m5_p5,globe_model_rules,2021-12-20,FIRM_TCX,TCX,0,"[-5,+5]",-0.005352302662043099
globe_model_rules_m1_p1,globe_model_rules,2021-12-20,FIRM_TEL,TEL,1,"[-1,+1]",-0.027834519889991798
globe_model_rules_m3_p3,globe_model_rules,2021-12-20,FIRM_TEL,TEL,1,"[-3,+3]",-0.014934527198473498
globe_model_rules_m5_p5,globe_model_rules,2021-12-20,FIRM_TEL,TEL,1,"[-5,+5]",0.0035296400091845014
globe_model_rules_m1_p1,globe_model_rules,2021-12-20,FIRM_TENB,TENB,0,"[-1,+1]",0.0698590631557362
globe_model_rules_m3_p3,globe_model_rules,2021-12-20,FIRM_TENB,TENB,0,"[-3,+3]",0.12936678458972242
globe_model_rules_m5_p5,globe_model_rules,2021-12-20,FIRM_TENB,TENB,0,"[-5,+5]",0.1459157604851165
globe_model_rules_m1_p1,globe_model_rules,2021-12-20,FIRM_TLS,TLS,0,"[-1,+1]",0.0259950745686872
globe_model_rules_m3_p3,globe_model_rules,2021-12-20,FIRM_TLS,TLS,0,"[-3,+3]",0.0285514919256129
globe_model_rules_m5_p5,globe_model_rules,2021-12-20,FIRM_TLS,TLS,0,"[-5,+5]",-0.006506921701029098
globe_model_rules_m1_p1,globe_model_rules,2021-12-20,FIRM_TWLO,TWLO,1,"[-1,+1]",0.0522073584924892
globe_model_rules_m3_p3,globe_model_rules,2021-12-20,FIRM_TWLO,TWLO,1,"[-3,+3]",0.019881354122469014
globe_model_rules_m5_p5,globe_model_rules,2021-12-20,FIRM_TWLO,TWLO,1,"[-5,+5]",-0.031097560800341005
globe_model_rules_m1_p1,globe_model_rules,2021-12-20,FIRM_TXN,TXN,1,"[-1,+1]",-0.0173680936057011
globe_model_rules_m3_p3,globe_model_rules,2021-12-20,FIRM_TXN,TXN,1,"[-3,+3]",-0.038689465137774
globe_model_rules_m5_p5,globe_model_rules,2021-12-20,FIRM_TXN,TXN,1,"[-5,+5]",-0.035598322695293796
globe_model_rules_m1_p1,globe_model_rules,2021-12-20,FIRM_VNT,VNT,1,"[-1,+1]",-0.0270481830924982
globe_model_rules_m3_p3,globe_model_rules,2021-12-20,FIRM_VNT,VNT,1,"[-3,+3]",-0.0238199057118806
globe_model_rules_m5_p5,globe_model_rules,2021-12-20,FIRM_VNT,VNT,1,"[-5,+5]",-0.008983024204607
globe_model_rules_m1_p1,globe_model_rules,2021-12-20,FIRM_WK,WK,0,"[-1,+1]",0.059478761842607995
globe_model_rules_m3_p3,globe_model_rules,2021-12-20,FIRM_WK,WK,0,"[-3,+3]",-0.007246184117871309
globe_model_rules_m5_p5,globe_model_rules,2021-12-20,FIRM_WK,WK,0,"[-5,+5]",-0.020094434645238107
globe_model_rules_m1_p1,globe_model_rules,2021-12-20,FIRM_XMTR,XMTR,0,"[-1,+1]",0.0841772221426952
globe_model_rules_m3_p3,globe_model_rules,2021-12-20,FIRM_XMTR,XMTR,0,"[-3,+3]",0.1438667999264397
globe_model_rules_m5_p5,globe_model_rules,2021-12-20,FIRM_XMTR,XMTR,0,"[-5,+5]",0.12273724442404751
eu_directive_m1_p1,eu_directive,2022-12-15,FIRM_AAPL,AAPL,1,"[-1,+1]",-0.027156849917820202
eu_directive_m3_p3,eu_directive,2022-12-15,FIRM_AAPL,AAPL,1,"[-3,+3]",-0.0289400674599384
eu_directive_m5_p5,eu_directive,2022-12-15,FIRM_AAPL,AAPL,1,"[-5,+5]",-0.015851343342428804
eu_directive_m1_p1,eu_directive,2022-12-15,FIRM_ABNB,ABNB,1,"[-1,+1]",0.0099465185881247
eu_directive_m3_p3,eu_directive,2022-12-15,FIRM_ABNB,ABNB,1,"[-3,+3]",-0.034763699875124704
eu_directive_m5_p5,eu_directive,2022-12-15,FIRM_ABNB,ABNB,1,"[-5,+5]",-0.027278202733185597
eu_directive_m1_p1,eu_directive,2022-12-15,FIRM_ACN,ACN,1,"[-1,+1]",-0.059220586977358804
eu_directive_m3_p3,eu_directive,2022-12-15,FIRM_ACN,ACN,1,"[-3,+3]",-0.05347932210122221
eu_directive_m5_p5,eu_directive,2022-12-15,FIRM_ACN,ACN,1,"[-5,+5]",-0.03163769080754699
eu_directive_m1_p1,eu_directive,2022-12-15,FIRM_ADBE,ADBE,1,"[-1,+1]",0.039662222187952234
eu_directive_m3_p3,eu_directive,2022-12-15,FIRM_ADBE,ADBE,1,"[-3,+3]",0.06560731478308204
eu_directive_m5_p5,eu_directive,2022-12-15,FIRM_ADBE,ADBE,1,"[-5,+5]",0.07761653717030073
eu_directive_m1_p1,eu_directive,2022-12-15,FIRM_ADI,ADI,1,"[-1,+1]",0.0005083471047270995
eu_directive_m3_p3,eu_directive,2022-12-15,FIRM_ADI,ADI,1,"[-3,+3]",0.016814223786473903
eu_directive_m5_p5,eu_directive,2022-12-15,FIRM_ADI,ADI,1,"[-5,+5]",0.03423307195077539
eu_directive_m1_p1,eu_directive,2022-12-15,FIRM_AGYS,AGYS,0,"[-1,+1]",0.255862244841353
eu_directive_m3_p3,eu_directive,2022-12-15,FIRM_AGYS,AGYS,0,"[-3,+3]",0.3066936292121375
eu_directive_m5_p5,eu_directive,2022-12-15,FIRM_AGYS,AGYS,0,"[-5,+5]",0.2682627102367644
eu_directive_m1_p1,eu_directive,2022-12-15,FIRM_AMAT,AMAT,1,"[-1,+1]",-0.0147772487678574
eu_directive_m3_p3,eu_directive,2022-12-15,FIRM_AMAT,AMAT,1,"[-3,+3]",0.006511141202978698
eu_directive_m5_p5,eu_directive,2022-12-15,FIRM_AMAT,AMAT,1,"[-5,+5]",-0.035658993132119496
eu_directive_m1_p1,eu_directive,2022-12-15,FIRM_AMD,AMD,1,"[-1,+1]",-0.039943186814625005
eu_directive_m3_p3,eu_directive,2022-12-15,FIRM_AMD,AMD,1,"[-3,+3]",-0.010049491888277202
eu_directive_m5_p5,eu_directive,2022-12-15,FIRM_AMD,AMD,1,"[-5,+5]",-0.04585997596136061
eu_directive_m1_p1,eu_directive,2022-12-15,FIRM_AMPL,AMPL,0,"[-1,+1]",0.0310034047108955
eu_directive_m3_p3,eu_directive,2022-12-15,FIRM_AMPL,AMPL,0,"[-3,+3]",0.006960001917954097
eu_directive_m5_p5,eu_directive,2022-12-15,FIRM_AMPL,AMPL,0,"[-5,+5]",-0.0181651312144892
eu_directive_m1_p1,eu_directive,2022-12-15,FIRM_APH,APH,1,"[-1,+1]",-0.0028382874644058
eu_directive_m3_p3,eu_directive,2022-12-15,FIRM_APH,APH,1,"[-3,+3]",0.0161781797408278
eu_directive_m5_p5,eu_directive,2022-12-15,FIRM_APH,APH,1,"[-5,+5]",0.0246927747073269
eu_directive_m1_p1,eu_directive,2022-12-15,FIRM_API,API,0,"[-1,+1]",0.12873300270603039
eu_directive_m3_p3,eu_directive,2022-12-15,FIRM_API,API,0,"[-3,+3]",0.0165542240875825
eu_directive_m5_p5,eu_directive,2022-12-15,FIRM_API,API,0,"[-5,+5]",0.2985351019774542
eu_directive_m1_p1,eu_directive,2022-12-15,FIRM_APPF,APPF,0,"[-1,+1]",-0.0029567093337972
eu_directive_m3_p3,eu_directive,2022-12-15,FIRM_APPF,APPF,0,"[-3,+3]",0.021802490482690104
eu_directive_m5_p5,eu_directive,2022-12-15,FIRM_APPF,APPF,0,"[-5,+5]",0.0104056373321537
eu_directive_m1_p1,eu_directive,2022-12-15,FIRM_APPN,APPN,0,"[-1,+1]",-0.0194876504180094
eu_directive_m3_p3,eu_directive,2022-12-15,FIRM_APPN,APPN,0,"[-3,+3]",-0.0587374907478415
eu_directive_m5_p5,eu_directive,2022-12-15,FIRM_APPN,APPN,0,"[-5,+5]",-0.03290918882202099
eu_directive_m1_p1,eu_directive,2022-12-15,FIRM_ASYS,ASYS,0,"[-1,+1]",0.056181103973143
eu_directive_m3_p3,eu_directive,2022-12-15,FIRM_ASYS,ASYS,0,"[-3,+3]",-0.03893385600677389
eu_directive_m5_p5,eu_directive,2022-12-15,FIRM_ASYS,ASYS,0,"[-5,+5]",-0.05549545549002649
eu_directive_m1_p1,eu_directive,2022-12-15,FIRM_ATEN,ATEN,0,"[-1,+1]",-0.0384375935453155
eu_directive_m3_p3,eu_directive,2022-12-15,FIRM_ATEN,ATEN,0,"[-3,+3]",-0.034470158024860406
eu_directive_m5_p5,eu_directive,2022-12-15,FIRM_ATEN,ATEN,0,"[-5,+5]",-0.06184209398868241
eu_directive_m1_p1,eu_directive,2022-12-15,FIRM_AUDC,AUDC,0,"[-1,+1]",-0.0184827242728759
eu_directive_m3_p3,eu_directive,2022-12-15,FIRM_AUDC,AUDC,0,"[-3,+3]",0.0044746371874802016
eu_directive_m5_p5,eu_directive,2022-12-15,FIRM_AUDC,AUDC,0,"[-5,+5]",0.046257899893675694
eu_directive_m1_p1,eu_directive,2022-12-15,FIRM_AVGO,AVGO,1,"[-1,+1]",0.0243219956269421
eu_directive_m3_p3,eu_directive,2022-12-15,FIRM_AVGO,AVGO,1,"[-3,+3]",0.049964375941635
eu_directive_m5_p5,eu_directive,2022-12-15,FIRM_AVGO,AVGO,1,"[-5,+5]",0.1208298987524001
eu_directive_m1_p1,eu_directive,2022-12-15,FIRM_AXTI,AXTI,0,"[-1,+1]",-0.004452327953054896
eu_directive_m3_p3,eu_directive,2022-12-15,FIRM_AXTI,AXTI,0,"[-3,+3]",-0.0788742809358407
eu_directive_m5_p5,eu_directive,2022-12-15,FIRM_AXTI,AXTI,0,"[-5,+5]",-0.0798932866309883
eu_directive_m1_p1,eu_directive,2022-12-15,FIRM_BAND,BAND,0,"[-1,+1]",0.0647434508048818
eu_directive_m3_p3,eu_directive,2022-12-15,FIRM_BAND,BAND,0,"[-3,+3]",0.04775254508757279
eu_directive_m5_p5,eu_directive,2022-12-15,FIRM_BAND,BAND,0,"[-5,+5]",0.1414254069765195
eu_directive_m1_p1,eu_directive,2022-12-15,FIRM_BL,BL,0,"[-1,+1]",0.0153953475642616
eu_directive_m3_p3,eu_directive,2022-12-15,FIRM_BL,BL,0,"[-3,+3]",0.03733526222212629
eu_directive_m5_p5,eu_directive,2022-12-15,FIRM_BL,BL,0,"[-5,+5]",0.08151267034318191
eu_directive_m1_p1,eu_directive,2022-12-15,FIRM_CHKP,CHKP,1,"[-1,+1]",0.0162251176867966
eu_directive_m3_p3,eu_directive,2022-12-15,FIRM_CHKP,CHKP,1,"[-3,+3]",0.0159706030827928
eu_directive_m5_p5,eu_directive,2022-12-15,FIRM_CHKP,CHKP,1,"[-5,+5]",0.0087071448021625
eu_directive_m1_p1,eu_directive,2022-12-15,FIRM_CIEN,CIEN,1,"[-1,+1]",0.0071361483518468
eu_directive_m3_p3,eu_directive,2022-12-15,FIRM_CIEN,CIEN,1,"[-3,+3]",0.013147730426432198
eu_directive_m5_p5,eu_directive,2022-12-15,FIRM_CIEN,CIEN,1,"[-5,+5]",0.17319835629003813
eu_directive_m1_p1,eu_directive,2022-12-15,FIRM_COUR,COUR,0,"[-1,+1]",0.023988610857377596
eu_directive_m3_p3,eu_directive,2022-12-15,FIRM_COUR,COUR,0,"[-3,+3]",0.03892970212661159
eu_directive_m5_p5,eu_directive,2022-12-15,FIRM_COUR,COUR,0,"[-5,+5]",0.0221112946981981
eu_directive_m1_p1,eu_directive,2022-12-15,FIRM_CSCO,CSCO,1,"[-1,+1]",0.0136126841916283
eu_directive_m3_p3,eu_directive,2022-12-15,FIRM_CSCO,CSCO,1,"[-3,+3]",0.0201915929438596
eu_directive_m5_p5,eu_directive,2022-12-15,FIRM_CSCO,CSCO,1,"[-5,+5]",0.029928956725002398
eu_directive_m1_p1,eu_directive,2022-12-15,FIRM_DCO,DCO,0,"[-1,+1]",0.023260325657263797
eu_directive_m3_p3,eu_directive,2022-12-15,FIRM_DCO,DCO,0,"[-3,+3]",0.0284569278415904
eu_directive_m5_p5,eu_directive,2022-12-15,FIRM_DCO,DCO,0,"[-5,+5]",0.050835007076603794
eu_directive_m1_p1,eu_directive,2022-12-15,FIRM_DGII,DGII,0,"[-1,+1]",-0.0281280147963736
eu_directive_m3_p3,eu_directive,2022-12-15,FIRM_DGII,DGII,0,"[-3,+3]",-0.007818170337230597
eu_directive_m5_p5,eu_directive,2022-12-15,FIRM_DGII,DGII,0,"[-5,+5]",-0.0050629087948246
eu_directive_m1_p1,eu_directive,2022-12-15,FIRM_DOCN,DOCN,0,"[-1,+1]",0.014591734633370799
eu_directive_m3_p3,eu_directive,2022-12-15,FIRM_DOCN,DOCN,0,"[-3,+3]",-0.0583434688698427
eu_directive_m5_p5,eu_directive,2022-12-15,FIRM_DOCN,DOCN,0,"[-5,+5]",-0.04316880680347429
eu_directive_m1_p1,eu_directive,2022-12-15,FIRM_DSS,DSS,0,"[-1,+1]",-0.1131283340148581
eu_directive_m3_p3,eu_directive,2022-12-15,FIRM_DSS,DSS,0,"[-3,+3]",-0.05390895755786441
eu_directive_m5_p5,eu_directive,2022-12-15,FIRM_DSS,DSS,0,"[-5,+5]",-0.03210279809621362
eu_directive_m1_p1,eu_directive,2022-12-15,FIRM_EGHT,EGHT,0,"[-1,+1]",0.1434159707954086
eu_directive_m3_p3,eu_directive,2022-12-15,FIRM_EGHT,EGHT,0,"[-3,+3]",0.04294095435910439
eu_directive_m5_p5,eu_directive,2022-12-15,FIRM_EGHT,EGHT,0,"[-5,+5]",0.0830314065052663
eu_directive_m1_p1,eu_directive,2022-12-15,FIRM_FIVN,FIVN,0,"[-1,+1]",0.0392137785538881
eu_directive_m3_p3,eu_directive,2022-12-15,FIRM_FIVN,FIVN,0,"[-3,+3]",0.0787123009545929
eu_directive_m5_p5,eu_directive,2022-12-15,FIRM_FIVN,FIVN,0,"[-5,+5]",0.08295651133324149
eu_directive_m1_p1,eu_directive,2022-12-15,FIRM_FORM,FORM,0,"[-1,+1]",0.0018023191109654002
eu_directive_m3_p3,eu_directive,2022-12-15,FIRM_FORM,FORM,0,"[-3,+3]",-0.001126671365953195
eu_directive_m5_p5,eu_directive,2022-12-15,FIRM_FORM,FORM,0,"[-5,+5]",-0.0354049302537142
eu_directive_m1_p1,eu_directive,2022-12-15,FIRM_FTNT,FTNT,1,"[-1,+1]",-0.0011676734168343007
eu_directive_m3_p3,eu_directive,2022-12-15,FIRM_FTNT,FTNT,1,"[-3,+3]",0.010579459628514197
eu_directive_m5_p5,eu_directive,2022-12-15,FIRM_FTNT,FTNT,1,"[-5,+5]",-0.0007047020732154005
eu_directive_m1_p1,eu_directive,2022-12-15,FIRM_GOOGL,GOOGL,1,"[-1,+1]",-0.0066172157425362
eu_directive_m3_p3,eu_directive,2022-12-15,FIRM_GOOGL,GOOGL,1,"[-3,+3]",0.0010320761368801997
eu_directive_m5_p5,eu_directive,2022-12-15,FIRM_GOOGL,GOOGL,1,"[-5,+5]",-0.030699368678796097
eu_directive_m1_p1,eu_directive,2022-12-15,FIRM_IBM,IBM,1,"[-1,+1]",-0.020468647843891602
eu_directive_m3_p3,eu_directive,2022-12-15,FIRM_IBM,IBM,1,"[-3,+3]",0.0029120872755877027
eu_directive_m5_p5,eu_directive,2022-12-15,FIRM_IBM,IBM,1,"[-5,+5]",0.0035813386631272977
eu_directive_m1_p1,eu_directive,2022-12-15,FIRM_INTC,INTC,1,"[-1,+1]",-0.013897570769557797
eu_directive_m3_p3,eu_directive,2022-12-15,FIRM_INTC,INTC,1,"[-3,+3]",-0.0229206106009268
eu_directive_m5_p5,eu_directive,2022-12-15,FIRM_INTC,INTC,1,"[-5,+5]",-0.0390393175819871
eu_directive_m1_p1,eu_directive,2022-12-15,FIRM_INTU,INTU,1,"[-1,+1]",-0.05566812024100799
eu_directive_m3_p3,eu_directive,2022-12-15,FIRM_INTU,INTU,1,"[-3,+3]",0.010532806253085995
eu_directive_m5_p5,eu_directive,2022-12-15,FIRM_INTU,INTU,1,"[-5,+5]",0.0357732244777952
eu_directive_m1_p1,eu_directive,2022-12-15,FIRM_KLAC,KLAC,1,"[-1,+1]",-0.0079688041398321
eu_directive_m3_p3,eu_directive,2022-12-15,FIRM_KLAC,KLAC,1,"[-3,+3]",0.0236927274222169
eu_directive_m5_p5,eu_directive,2022-12-15,FIRM_KLAC,KLAC,1,"[-5,+5]",0.010557478423992003
eu_directive_m1_p1,eu_directive,2022-12-15,FIRM_KLTR,KLTR,0,"[-1,+1]",-0.004087910988849107
eu_directive_m3_p3,eu_directive,2022-12-15,FIRM_KLTR,KLTR,0,"[-3,+3]",-0.096820991255437
eu_directive_m5_p5,eu_directive,2022-12-15,FIRM_KLTR,KLTR,0,"[-5,+5]",-0.0902102800238195
eu_directive_m1_p1,eu_directive,2022-12-15,FIRM_LAW,LAW,0,"[-1,+1]",0.0180683405992454
eu_directive_m3_p3,eu_directive,2022-12-15,FIRM_LAW,LAW,0,"[-3,+3]",0.0014535627739804997
eu_directive_m5_p5,eu_directive,2022-12-15,FIRM_LAW,LAW,0,"[-5,+5]",-0.005795026972164916
eu_directive_m1_p1,eu_directive,2022-12-15,FIRM_LOGI,LOGI,1,"[-1,+1]",-0.0192639850497676
eu_directive_m3_p3,eu_directive,2022-12-15,FIRM_LOGI,LOGI,1,"[-3,+3]",0.028356896887353898
eu_directive_m5_p5,eu_directive,2022-12-15,FIRM_LOGI,LOGI,1,"[-5,+5]",0.0723172963598909
eu_directive_m1_p1,eu_directive,2022-12-15,FIRM_LRCX,LRCX,1,"[-1,+1]",-0.0184729079065402
eu_directive_m3_p3,eu_directive,2022-12-15,FIRM_LRCX,LRCX,1,"[-3,+3]",0.017727736616035005
eu_directive_m5_p5,eu_directive,2022-12-15,FIRM_LRCX,LRCX,1,"[-5,+5]",-0.030808524963917706
eu_directive_m1_p1,eu_directive,2022-12-15,FIRM_LZ,LZ,0,"[-1,+1]",0.006087448272186401
eu_directive_m3_p3,eu_directive,2022-12-15,FIRM_LZ,LZ,0,"[-3,+3]",-0.05584672477182549
eu_directive_m5_p5,eu_directive,2022-12-15,FIRM_LZ,LZ,0,"[-5,+5]",-0.08304354461215309
eu_directive_m1_p1,eu_directive,2022-12-15,FIRM_MCHP,MCHP,1,"[-1,+1]",-0.012012465154858902
eu_directive_m3_p3,eu_directive,2022-12-15,FIRM_MCHP,MCHP,1,"[-3,+3]",-0.020438736038381602
eu_directive_m5_p5,eu_directive,2022-12-15,FIRM_MCHP,MCHP,1,"[-5,+5]",-0.0254012909813629
eu_directive_m1_p1,eu_directive,2022-12-15,FIRM_META,META,1,"[-1,+1]",0.04516424646379841
eu_directive_m3_p3,eu_directive,2022-12-15,FIRM_META,META,1,"[-3,+3]",0.0531559284374524
eu_directive_m5_p5,eu_directive,2022-12-15,FIRM_META,META,1,"[-5,+5]",0.07555481977567051
eu_directive_m1_p1,eu_directive,2022-12-15,FIRM_MITK,MITK,0,"[-1,+1]",0.00017770592990900072
eu_directive_m3_p3,eu_directive,2022-12-15,FIRM_MITK,MITK,0,"[-3,+3]",0.0726224453260661
eu_directive_m5_p5,eu_directive,2022-12-15,FIRM_MITK,MITK,0,"[-5,+5]",0.06882595833515451
eu_directive_m1_p1,eu_directive,2022-12-15,FIRM_MSFT,MSFT,1,"[-1,+1]",0.0024020706555994992
eu_directive_m3_p3,eu_directive,2022-12-15,FIRM_MSFT,MSFT,1,"[-3,+3]",0.028081014998099795
eu_directive_m5_p5,eu_directive,2022-12-15,FIRM_MSFT,MSFT,1,"[-5,+5]",0.022325361455413598
eu_directive_m1_p1,eu_directive,2022-12-15,FIRM_MSI,MSI,1,"[-1,+1]",-0.002162246608320699
eu_directive_m3_p3,eu_directive,2022-12-15,FIRM_MSI,MSI,1,"[-3,+3]",0.008836135486369199
eu_directive_m5_p5,eu_directive,2022-12-15,FIRM_MSI,MSI,1,"[-5,+5]",0.007686663696444102
eu_directive_m1_p1,eu_directive,2022-12-15,FIRM_MU,MU,1,"[-1,+1]",-0.007923687180071401
eu_directive_m3_p3,eu_directive,2022-12-15,FIRM_MU,MU,1,"[-3,+3]",-0.0364943972169816
eu_directive_m5_p5,eu_directive,2022-12-15,FIRM_MU,MU,1,"[-5,+5]",-0.0371474835179322
eu_directive_m1_p1,eu_directive,2022-12-15,FIRM_NOW,NOW,1,"[-1,+1]",-0.0026295018769157
eu_directive_m3_p3,eu_directive,2022-12-15,FIRM_NOW,NOW,1,"[-3,+3]",0.0247107888272664
eu_directive_m5_p5,eu_directive,2022-12-15,FIRM_NOW,NOW,1,"[-5,+5]",0.025608715898667506
eu_directive_m1_p1,eu_directive,2022-12-15,FIRM_NXPI,NXPI,1,"[-1,+1]",-0.006643345852841
eu_directive_m3_p3,eu_directive,2022-12-15,FIRM_NXPI,NXPI,1,"[-3,+3]",-0.0142431997678985
eu_directive_m5_p5,eu_directive,2022-12-15,FIRM_NXPI,NXPI,1,"[-5,+5]",0.012726835741696302
eu_directive_m1_p1,eu_directive,2022-12-15,FIRM_ORCL,ORCL,1,"[-1,+1]",0.0389354135095859
eu_directive_m3_p3,eu_directive,2022-12-15,FIRM_ORCL,ORCL,1,"[-3,+3]",0.0563743787052171
eu_directive_m5_p5,eu_directive,2022-12-15,FIRM_ORCL,ORCL,1,"[-5,+5]",0.0694137808598023
eu_directive_m1_p1,eu_directive,2022-12-15,FIRM_PANW,PANW,1,"[-1,+1]",-0.0113957455070785
eu_directive_m3_p3,eu_directive,2022-12-15,FIRM_PANW,PANW,1,"[-3,+3]",-0.0195103518507542
eu_directive_m5_p5,eu_directive,2022-12-15,FIRM_PANW,PANW,1,"[-5,+5]",-0.09223188159896958
eu_directive_m1_p1,eu_directive,2022-12-15,FIRM_QCOM,QCOM,1,"[-1,+1]",-0.0241485643223908
eu_directive_m3_p3,eu_directive,2022-12-15,FIRM_QCOM,QCOM,1,"[-3,+3]",-0.0172114267774165
eu_directive_m5_p5,eu_directive,2022-12-15,FIRM_QCOM,QCOM,1,"[-5,+5]",-0.0178794661996234
eu_directive_m1_p1,eu_directive,2022-12-15,FIRM_QNST,QNST,0,"[-1,+1]",0.042550610576173
eu_directive_m3_p3,eu_directive,2022-12-15,FIRM_QNST,QNST,0,"[-3,+3]",0.0816848985485383
eu_directive_m5_p5,eu_directive,2022-12-15,FIRM_QNST,QNST,0,"[-5,+5]",0.10663132950903079
eu_directive_m1_p1,eu_directive,2022-12-15,FIRM_RAMP,RAMP,0,"[-1,+1]",0.034978286013930895
eu_directive_m3_p3,eu_directive,2022-12-15,FIRM_RAMP,RAMP,0,"[-3,+3]",0.026187071938402896
eu_directive_m5_p5,eu_directive,2022-12-15,FIRM_RAMP,RAMP,0,"[-5,+5]",0.1278390100794462
eu_directive_m1_p1,eu_directive,2022-12-15,FIRM_ROP,ROP,1,"[-1,+1]",0.0062702640109889
eu_directive_m3_p3,eu_directive,2022-12-15,FIRM_ROP,ROP,1,"[-3,+3]",0.027003097672135004
eu_directive_m5_p5,eu_directive,2022-12-15,FIRM_ROP,ROP,1,"[-5,+5]",0.0347029913874124
eu_directive_m1_p1,eu_directive,2022-12-15,FIRM_RPD,RPD,0,"[-1,+1]",0.0458027357746426
eu_directive_m3_p3,eu_directive,2022-12-15,FIRM_RPD,RPD,0,"[-3,+3]",0.10451245752978962
eu_directive_m5_p5,eu_directive,2022-12-15,FIRM_RPD,RPD,0,"[-5,+5]",0.1561117331611503
eu_directive_m1_p1,eu_directive,2022-12-15,FIRM_SCOR,SCOR,0,"[-1,+1]",-0.0404923938078449
eu_directive_m3_p3,eu_directive,2022-12-15,FIRM_SCOR,SCOR,0,"[-3,+3]",0.04294095435910438
eu_directive_m5_p5,eu_directive,2022-12-15,FIRM_SCOR,SCOR,0,"[-5,+5]",0.06488960576409841
eu_directive_m1_p1,eu_directive,2022-12-15,FIRM_SCSC,SCSC,1,"[-1,+1]",0.0092152779516836
eu_directive_m3_p3,eu_directive,2022-12-15,FIRM_SCSC,SCSC,1,"[-3,+3]",-0.003515978533246901
eu_directive_m5_p5,eu_directive,2022-12-15,FIRM_SCSC,SCSC,1,"[-5,+5]",0.013301674771082798
eu_directive_m1_p1,eu_directive,2022-12-15,FIRM_SMSI,SMSI,0,"[-1,+1]",0.0463085726266063
eu_directive_m3_p3,eu_directive,2022-12-15,FIRM_SMSI,SMSI,0,"[-3,+3]",-0.009577098623838213
eu_directive_m5_p5,eu_directive,2022-12-15,FIRM_SMSI,SMSI,0,"[-5,+5]",0.014038473945574295
eu_directive_m1_p1,eu_directive,2022-12-15,FIRM_SNPS,SNPS,1,"[-1,+1]",0.0241667405016751
eu_directive_m3_p3,eu_directive,2022-12-15,FIRM_SNPS,SNPS,1,"[-3,+3]",0.0388805121655912
eu_directive_m5_p5,eu_directive,2022-12-15,FIRM_SNPS,SNPS,1,"[-5,+5]",0.0414956654904104
eu_directive_m1_p1,eu_directive,2022-12-15,FIRM_SPSC,SPSC,0,"[-1,+1]",-0.0376766580962274
eu_directive_m3_p3,eu_directive,2022-12-15,FIRM_SPSC,SPSC,0,"[-3,+3]",-8.062270829249912e-05
eu_directive_m5_p5,eu_directive,2022-12-15,FIRM_SPSC,SPSC,0,"[-5,+5]",-0.012064258590253597
eu_directive_m1_p1,eu_directive,2022-12-15,FIRM_STM,STM,1,"[-1,+1]",-0.019810236611950104
eu_directive_m3_p3,eu_directive,2022-12-15,FIRM_STM,STM,1,"[-3,+3]",0.0025879844708878996
eu_directive_m5_p5,eu_directive,2022-12-15,FIRM_STM,STM,1,"[-5,+5]",0.005022538488194197
eu_directive_m1_p1,eu_directive,2022-12-15,FIRM_TCX,TCX,0,"[-1,+1]",0.0008497437143133002
eu_directive_m3_p3,eu_directive,2022-12-15,FIRM_TCX,TCX,0,"[-3,+3]",0.050177089232027
eu_directive_m5_p5,eu_directive,2022-12-15,FIRM_TCX,TCX,0,"[-5,+5]",0.10188573656125101
eu_directive_m1_p1,eu_directive,2022-12-15,FIRM_TEL,TEL,1,"[-1,+1]",-0.0238346282782762
eu_directive_m3_p3,eu_directive,2022-12-15,FIRM_TEL,TEL,1,"[-3,+3]",-0.0152377179882251
eu_directive_m5_p5,eu_directive,2022-12-15,FIRM_TEL,TEL,1,"[-5,+5]",-0.014254053063633499
eu_directive_m1_p1,eu_directive,2022-12-15,FIRM_TENB,TENB,0,"[-1,+1]",-0.0235020795467551
eu_directive_m3_p3,eu_directive,2022-12-15,FIRM_TENB,TENB,0,"[-3,+3]",0.0400519015775272
eu_directive_m5_p5,eu_directive,2022-12-15,FIRM_TENB,TENB,0,"[-5,+5]",0.06326097868390101
eu_directive_m1_p1,eu_directive,2022-12-15,FIRM_TLS,TLS,0,"[-1,+1]",0.1503460208645338
eu_directive_m3_p3,eu_directive,2022-12-15,FIRM_TLS,TLS,0,"[-3,+3]",0.15945188216892398
eu_directive_m5_p5,eu_directive,2022-12-15,FIRM_TLS,TLS,0,"[-5,+5]",0.2172321709360305
eu_directive_m1_p1,eu_directive,2022-12-15,FIRM_TWLO,TWLO,1,"[-1,+1]",0.013697232787660201
eu_directive_m3_p3,eu_directive,2022-12-15,FIRM_TWLO,TWLO,1,"[-3,+3]",0.07342650342657452
eu_directive_m5_p5,eu_directive,2022-12-15,FIRM_TWLO,TWLO,1,"[-5,+5]",0.0408509839115428
eu_directive_m1_p1,eu_directive,2022-12-15,FIRM_TXN,TXN,1,"[-1,+1]",0.0053519490265161
eu_directive_m3_p3,eu_directive,2022-12-15,FIRM_TXN,TXN,1,"[-3,+3]",-0.0050774527806299995
eu_directive_m5_p5,eu_directive,2022-12-15,FIRM_TXN,TXN,1,"[-5,+5]",-0.005551831614374599
eu_directive_m1_p1,eu_directive,2022-12-15,FIRM_VNT,VNT,1,"[-1,+1]",0.0045328100184676
eu_directive_m3_p3,eu_directive,2022-12-15,FIRM_VNT,VNT,1,"[-3,+3]",0.010447968273196696
eu_directive_m5_p5,eu_directive,2022-12-15,FIRM_VNT,VNT,1,"[-5,+5]",0.027640298478467492
eu_directive_m1_p1,eu_directive,2022-12-15,FIRM_WK,WK,0,"[-1,+1]",0.025937911388067898
eu_directive_m3_p3,eu_directive,2022-12-15,FIRM_WK,WK,0,"[-3,+3]",0.10708772636567052
eu_directive_m5_p5,eu_directive,2022-12-15,FIRM_WK,WK,0,"[-5,+5]",0.12052361340812011
eu_directive_m1_p1,eu_directive,2022-12-15,FIRM_XMTR,XMTR,0,"[-1,+1]",-0.1196556957480771
eu_directive_m3_p3,eu_directive,2022-12-15,FIRM_XMTR,XMTR,0,"[-3,+3]",-0.19787985618504658
eu_directive_m5_p5,eu_directive,2022-12-15,FIRM_XMTR,XMTR,0,"[-5,+5]",-0.18504471391842411
initial_implementation_m1_p1,initial_implementation,2024-01-02,FIRM_AAPL,AAPL,1,"[-1,+1]",-0.017355087552681697
initial_implementation_m3_p3,initial_implementation,2024-01-02,FIRM_AAPL,AAPL,1,"[-3,+3]",-0.028988976783327
initial_implementation_m5_p5,initial_implementation,2024-01-02,FIRM_AAPL,AAPL,1,"[-5,+5]",-0.0458046716182322
initial_implementation_m1_p1,initial_implementation,2024-01-02,FIRM_ABNB,ABNB,1,"[-1,+1]",0.0055631780835794006
initial_implementation_m3_p3,initial_implementation,2024-01-02,FIRM_ABNB,ABNB,1,"[-3,+3]",0.014519378089730002
initial_implementation_m5_p5,initial_implementation,2024-01-02,FIRM_ABNB,ABNB,1,"[-5,+5]",-0.0137409198459206
initial_implementation_m1_p1,initial_implementation,2024-01-02,FIRM_ACN,ACN,1,"[-1,+1]",-0.007614363565714601
initial_implementation_m3_p3,initial_implementation,2024-01-02,FIRM_ACN,ACN,1,"[-3,+3]",-0.014261735579820299
initial_implementation_m5_p5,initial_implementation,2024-01-02,FIRM_ACN,ACN,1,"[-5,+5]",-0.012913876254875802
initial_implementation_m1_p1,initial_implementation,2024-01-02,FIRM_ADBE,ADBE,1,"[-1,+1]",-0.008621183221476801
initial_implementation_m3_p3,initial_implementation,2024-01-02,FIRM_ADBE,ADBE,1,"[-3,+3]",-0.023438870570904498
initial_implementation_m5_p5,initial_implementation,2024-01-02,FIRM_ADBE,ADBE,1,"[-5,+5]",-0.0190618457636044
initial_implementation_m1_p1,initial_implementation,2024-01-02,FIRM_ADI,ADI,1,"[-1,+1]",-0.025939135791553998
initial_implementation_m3_p3,initial_implementation,2024-01-02,FIRM_ADI,ADI,1,"[-3,+3]",-0.0294828495703214
initial_implementation_m5_p5,initial_implementation,2024-01-02,FIRM_ADI,ADI,1,"[-5,+5]",-0.0293419521748293
initial_implementation_m1_p1,initial_implementation,2024-01-02,FIRM_AGYS,AGYS,0,"[-1,+1]",-0.0533830686860782
initial_implementation_m3_p3,initial_implementation,2024-01-02,FIRM_AGYS,AGYS,0,"[-3,+3]",-0.06843274132561711
initial_implementation_m5_p5,initial_implementation,2024-01-02,FIRM_AGYS,AGYS,0,"[-5,+5]",-0.09808355864189601
initial_implementation_m1_p1,initial_implementation,2024-01-02,FIRM_AMAT,AMAT,1,"[-1,+1]",-0.0421885833755987
initial_implementation_m3_p3,initial_implementation,2024-01-02,FIRM_AMAT,AMAT,1,"[-3,+3]",-0.0631569818656038
initial_implementation_m5_p5,initial_implementation,2024-01-02,FIRM_AMAT,AMAT,1,"[-5,+5]",-0.061905273701633796
initial_implementation_m1_p1,initial_implementation,2024-01-02,FIRM_AMD,AMD,1,"[-1,+1]",-0.0626497637385101
initial_implementation_m3_p3,initial_implementation,2024-01-02,FIRM_AMD,AMD,1,"[-3,+3]",0.0002092183783382988
initial_implementation_m5_p5,initial_implementation,2024-01-02,FIRM_AMD,AMD,1,"[-5,+5]",0.0691304208561004
initial_implementation_m1_p1,initial_implementation,2024-01-02,FIRM_AMPL,AMPL,0,"[-1,+1]",-0.055454118886689004
initial_implementation_m3_p3,initial_implementation,2024-01-02,FIRM_AMPL,AMPL,0,"[-3,+3]",-0.07943585950819611
initial_implementation_m5_p5,initial_implementation,2024-01-02,FIRM_AMPL,AMPL,0,"[-5,+5]",-0.060200267477494206
initial_implementation_m1_p1,initial_implementation,2024-01-02,FIRM_APH,APH,1,"[-1,+1]",-0.0127936887389127
initial_implementation_m3_p3,initial_implementation,2024-01-02,FIRM_APH,APH,1,"[-3,+3]",-0.0174114122328091
initial_implementation_m5_p5,initial_implementation,2024-01-02,FIRM_APH,APH,1,"[-5,+5]",-0.0206977033679207
initial_implementation_m1_p1,initial_implementation,2024-01-02,FIRM_API,API,0,"[-1,+1]",-0.010849454394746898
initial_implementation_m3_p3,initial_implementation,2024-01-02,FIRM_API,API,0,"[-3,+3]",-0.013158888667872001
initial_implementation_m5_p5,initial_implementation,2024-01-02,FIRM_API,API,0,"[-5,+5]",-0.10092041497090411
initial_implementation_m1_p1,initial_implementation,2024-01-02,FIRM_APPF,APPF,0,"[-1,+1]",-0.005198632525003001
initial_implementation_m3_p3,initial_implementation,2024-01-02,FIRM_APPF,APPF,0,"[-3,+3]",-0.0335618833473379
initial_implementation_m5_p5,initial_implementation,2024-01-02,FIRM_APPF,APPF,0,"[-5,+5]",-0.010713374373457304
initial_implementation_m1_p1,initial_implementation,2024-01-02,FIRM_APPN,APPN,0,"[-1,+1]",-0.1283452770374292
initial_implementation_m3_p3,initial_implementation,2024-01-02,FIRM_APPN,APPN,0,"[-3,+3]",-0.1381691228935399
initial_implementation_m5_p5,initial_implementation,2024-01-02,FIRM_APPN,APPN,0,"[-5,+5]",-0.16620863431577743
initial_implementation_m1_p1,initial_implementation,2024-01-02,FIRM_ASYS,ASYS,0,"[-1,+1]",0.022630245147935296
initial_implementation_m3_p3,initial_implementation,2024-01-02,FIRM_ASYS,ASYS,0,"[-3,+3]",0.048823414775804
initial_implementation_m5_p5,initial_implementation,2024-01-02,FIRM_ASYS,ASYS,0,"[-5,+5]",-0.024338845698427605
initial_implementation_m1_p1,initial_implementation,2024-01-02,FIRM_ATEN,ATEN,0,"[-1,+1]",-0.004687451669263901
initial_implementation_m3_p3,initial_implementation,2024-01-02,FIRM_ATEN,ATEN,0,"[-3,+3]",0.0017290048684616994
initial_implementation_m5_p5,initial_implementation,2024-01-02,FIRM_ATEN,ATEN,0,"[-5,+5]",-0.002396276509623602
initial_implementation_m1_p1,initial_implementation,2024-01-02,FIRM_AUDC,AUDC,0,"[-1,+1]",-0.025406281089804
initial_implementation_m3_p3,initial_implementation,2024-01-02,FIRM_AUDC,AUDC,0,"[-3,+3]",-0.015016826238546901
initial_implementation_m5_p5,initial_implementation,2024-01-02,FIRM_AUDC,AUDC,0,"[-5,+5]",-0.0087832344231134
initial_implementation_m1_p1,initial_implementation,2024-01-02,FIRM_AVGO,AVGO,1,"[-1,+1]",-0.026507553922746202
initial_implementation_m3_p3,initial_implementation,2024-01-02,FIRM_AVGO,AVGO,1,"[-3,+3]",-0.041315550951341
initial_implementation_m5_p5,initial_implementation,2024-01-02,FIRM_AVGO,AVGO,1,"[-5,+5]",-0.036112579891531896
initial_implementation_m1_p1,initial_implementation,2024-01-02,FIRM_AXTI,AXTI,0,"[-1,+1]",0.0818449450031181
initial_implementation_m3_p3,initial_implementation,2024-01-02,FIRM_AXTI,AXTI,0,"[-3,+3]",0.042501279249528595
initial_implementation_m5_p5,initial_implementation,2024-01-02,FIRM_AXTI,AXTI,0,"[-5,+5]",0.0561414162183104
initial_implementation_m1_p1,initial_implementation,2024-01-02,FIRM_BAND,BAND,0,"[-1,+1]",-0.0489025262035372
initial_implementation_m3_p3,initial_implementation,2024-01-02,FIRM_BAND,BAND,0,"[-3,+3]",0.05765244589771071
initial_implementation_m5_p5,initial_implementation,2024-01-02,FIRM_BAND,BAND,0,"[-5,+5]",0.0559941584424104
initial_implementation_m1_p1,initial_implementation,2024-01-02,FIRM_BL,BL,0,"[-1,+1]",-0.1073726111378431
initial_implementation_m3_p3,initial_implementation,2024-01-02,FIRM_BL,BL,0,"[-3,+3]",-0.11234643838555299
initial_implementation_m5_p5,initial_implementation,2024-01-02,FIRM_BL,BL,0,"[-5,+5]",-0.0914256840060544
initial_implementation_m1_p1,initial_implementation,2024-01-02,FIRM_CHKP,CHKP,1,"[-1,+1]",0.033744931211600604
initial_implementation_m3_p3,initial_implementation,2024-01-02,FIRM_CHKP,CHKP,1,"[-3,+3]",0.0174678437743987
initial_implementation_m5_p5,initial_implementation,2024-01-02,FIRM_CHKP,CHKP,1,"[-5,+5]",0.0215940753090295
initial_implementation_m1_p1,initial_implementation,2024-01-02,FIRM_CIEN,CIEN,1,"[-1,+1]",0.0204452267101062
initial_implementation_m3_p3,initial_implementation,2024-01-02,FIRM_CIEN,CIEN,1,"[-3,+3]",0.0859551759954599
initial_implementation_m5_p5,initial_implementation,2024-01-02,FIRM_CIEN,CIEN,1,"[-5,+5]",0.09483550739029946
initial_implementation_m1_p1,initial_implementation,2024-01-02,FIRM_COUR,COUR,0,"[-1,+1]",0.012443755918649699
initial_implementation_m3_p3,initial_implementation,2024-01-02,FIRM_COUR,COUR,0,"[-3,+3]",-0.027406329056787405
initial_implementation_m5_p5,initial_implementation,2024-01-02,FIRM_COUR,COUR,0,"[-5,+5]",-0.0401026671435927
initial_implementation_m1_p1,initial_implementation,2024-01-02,FIRM_CSCO,CSCO,1,"[-1,+1]",0.0403875936044734
initial_implementation_m3_p3,initial_implementation,2024-01-02,FIRM_CSCO,CSCO,1,"[-3,+3]",0.038434362113024804
initial_implementation_m5_p5,initial_implementation,2024-01-02,FIRM_CSCO,CSCO,1,"[-5,+5]",0.0164077464957154
initial_implementation_m1_p1,initial_implementation,2024-01-02,FIRM_DCO,DCO,0,"[-1,+1]",0.0102244066714464
initial_implementation_m3_p3,initial_implementation,2024-01-02,FIRM_DCO,DCO,0,"[-3,+3]",0.020238146926782902
initial_implementation_m5_p5,initial_implementation,2024-01-02,FIRM_DCO,DCO,0,"[-5,+5]",-0.05567580607324439
initial_implementation_m1_p1,initial_implementation,2024-01-02,FIRM_DGII,DGII,0,"[-1,+1]",-0.055545490205617
initial_implementation_m3_p3,initial_implementation,2024-01-02,FIRM_DGII,DGII,0,"[-3,+3]",-0.041586356236915194
initial_implementation_m5_p5,initial_implementation,2024-01-02,FIRM_DGII,DGII,0,"[-5,+5]",-0.03764629024848129
initial_implementation_m1_p1,initial_implementation,2024-01-02,FIRM_DOCN,DOCN,0,"[-1,+1]",-0.058992337815014104
initial_implementation_m3_p3,initial_implementation,2024-01-02,FIRM_DOCN,DOCN,0,"[-3,+3]",-0.0338821617636801
initial_implementation_m5_p5,initial_implementation,2024-01-02,FIRM_DOCN,DOCN,0,"[-5,+5]",-0.020426005695009103
initial_implementation_m1_p1,initial_implementation,2024-01-02,FIRM_DSS,DSS,0,"[-1,+1]",-0.1997595973203709
initial_implementation_m3_p3,initial_implementation,2024-01-02,FIRM_DSS,DSS,0,"[-3,+3]",-0.03452379172272002
initial_implementation_m5_p5,initial_implementation,2024-01-02,FIRM_DSS,DSS,0,"[-5,+5]",-0.16043460629634249
initial_implementation_m1_p1,initial_implementation,2024-01-02,FIRM_EGHT,EGHT,0,"[-1,+1]",-0.0619869171791714
initial_implementation_m3_p3,initial_implementation,2024-01-02,FIRM_EGHT,EGHT,0,"[-3,+3]",-0.0013968295253725983
initial_implementation_m5_p5,initial_implementation,2024-01-02,FIRM_EGHT,EGHT,0,"[-5,+5]",0.01010582305375881
initial_implementation_m1_p1,initial_implementation,2024-01-02,FIRM_FIVN,FIVN,0,"[-1,+1]",-0.0521246481122056
initial_implementation_m3_p3,initial_implementation,2024-01-02,FIRM_FIVN,FIVN,0,"[-3,+3]",-0.0858317836565232
initial_implementation_m5_p5,initial_implementation,2024-01-02,FIRM_FIVN,FIVN,0,"[-5,+5]",-0.036350359498511405
initial_implementation_m1_p1,initial_implementation,2024-01-02,FIRM_FORM,FORM,0,"[-1,+1]",-0.0422495031408458
initial_implementation_m3_p3,initial_implementation,2024-01-02,FIRM_FORM,FORM,0,"[-3,+3]",-0.07484001080683791
initial_implementation_m5_p5,initial_implementation,2024-01-02,FIRM_FORM,FORM,0,"[-5,+5]",-0.0436497243167642
initial_implementation_m1_p1,initial_implementation,2024-01-02,FIRM_FTNT,FTNT,1,"[-1,+1]",0.0056012455607418
initial_implementation_m3_p3,initial_implementation,2024-01-02,FIRM_FTNT,FTNT,1,"[-3,+3]",0.009751434099854302
initial_implementation_m5_p5,initial_implementation,2024-01-02,FIRM_FTNT,FTNT,1,"[-5,+5]",0.019536691818945608
initial_implementation_m1_p1,initial_implementation,2024-01-02,FIRM_GOOGL,GOOGL,1,"[-1,+1]",0.0226565398581647
initial_implementation_m3_p3,initial_implementation,2024-01-02,FIRM_GOOGL,GOOGL,1,"[-3,+3]",-0.0073042811401560015
initial_implementation_m5_p5,initial_implementation,2024-01-02,FIRM_GOOGL,GOOGL,1,"[-5,+5]",0.008207180751109702
initial_implementation_m1_p1,initial_implementation,2024-01-02,FIRM_IBM,IBM,1,"[-1,+1]",0.0095000610307911
initial_implementation_m3_p3,initial_implementation,2024-01-02,FIRM_IBM,IBM,1,"[-3,+3]",0.009341490402118999
initial_implementation_m5_p5,initial_implementation,2024-01-02,FIRM_IBM,IBM,1,"[-5,+5]",7.694457453149943e-05
initial_implementation_m1_p1,initial_implementation,2024-01-02,FIRM_INTC,INTC,1,"[-1,+1]",-0.036539910776084095
initial_implementation_m3_p3,initial_implementation,2024-01-02,FIRM_INTC,INTC,1,"[-3,+3]",-0.039699857532211495
initial_implementation_m5_p5,initial_implementation,2024-01-02,FIRM_INTC,INTC,1,"[-5,+5]",0.024833848989257307
initial_implementation_m1_p1,initial_implementation,2024-01-02,FIRM_INTU,INTU,1,"[-1,+1]",-0.0284770064721504
initial_implementation_m3_p3,initial_implementation,2024-01-02,FIRM_INTU,INTU,1,"[-3,+3]",-0.024582439034788503
initial_implementation_m5_p5,initial_implementation,2024-01-02,FIRM_INTU,INTU,1,"[-5,+5]",-0.0198436893681721
initial_implementation_m1_p1,initial_implementation,2024-01-02,FIRM_KLAC,KLAC,1,"[-1,+1]",-0.027122053235109002
initial_implementation_m3_p3,initial_implementation,2024-01-02,FIRM_KLAC,KLAC,1,"[-3,+3]",-0.0484537490830373
initial_implementation_m5_p5,initial_implementation,2024-01-02,FIRM_KLAC,KLAC,1,"[-5,+5]",-0.0379842807355633
initial_implementation_m1_p1,initial_implementation,2024-01-02,FIRM_KLTR,KLTR,0,"[-1,+1]",-0.0800752481754362
initial_implementation_m3_p3,initial_implementation,2024-01-02,FIRM_KLTR,KLTR,0,"[-3,+3]",-0.1348717660918612
initial_implementation_m5_p5,initial_implementation,2024-01-02,FIRM_KLTR,KLTR,0,"[-5,+5]",-0.0777979948131674
initial_implementation_m1_p1,initial_implementation,2024-01-02,FIRM_LAW,LAW,0,"[-1,+1]",-0.0547368409022308
initial_implementation_m3_p3,initial_implementation,2024-01-02,FIRM_LAW,LAW,0,"[-3,+3]",-0.006623471952481797
initial_implementation_m5_p5,initial_implementation,2024-01-02,FIRM_LAW,LAW,0,"[-5,+5]",0.05167290952686841
initial_implementation_m1_p1,initial_implementation,2024-01-02,FIRM_LOGI,LOGI,1,"[-1,+1]",0.0169031478922406
initial_implementation_m3_p3,initial_implementation,2024-01-02,FIRM_LOGI,LOGI,1,"[-3,+3]",0.027256557887497153
initial_implementation_m5_p5,initial_implementation,2024-01-02,FIRM_LOGI,LOGI,1,"[-5,+5]",0.012984369372845158
initial_implementation_m1_p1,initial_implementation,2024-01-02,FIRM_LRCX,LRCX,1,"[-1,+1]",-0.037080262779837295
initial_implementation_m3_p3,initial_implementation,2024-01-02,FIRM_LRCX,LRCX,1,"[-3,+3]",-0.04843911130692
initial_implementation_m5_p5,initial_implementation,2024-01-02,FIRM_LRCX,LRCX,1,"[-5,+5]",-0.028134512421333302
initial_implementation_m1_p1,initial_implementation,2024-01-02,FIRM_LZ,LZ,0,"[-1,+1]",-0.052616879021427095
initial_implementation_m3_p3,initial_implementation,2024-01-02,FIRM_LZ,LZ,0,"[-3,+3]",-0.045869483958847504
initial_implementation_m5_p5,initial_implementation,2024-01-02,FIRM_LZ,LZ,0,"[-5,+5]",-0.03036196789337361
initial_implementation_m1_p1,initial_implementation,2024-01-02,FIRM_MCHP,MCHP,1,"[-1,+1]",-0.0394779924611609
initial_implementation_m3_p3,initial_implementation,2024-01-02,FIRM_MCHP,MCHP,1,"[-3,+3]",-0.0490933150244934
initial_implementation_m5_p5,initial_implementation,2024-01-02,FIRM_MCHP,MCHP,1,"[-5,+5]",-0.04739217623659339
initial_implementation_m1_p1,initial_implementation,2024-01-02,FIRM_META,META,1,"[-1,+1]",-0.007377275298331601
initial_implementation_m3_p3,initial_implementation,2024-01-02,FIRM_META,META,1,"[-3,+3]",0.0263196102552523
initial_implementation_m5_p5,initial_implementation,2024-01-02,FIRM_META,META,1,"[-5,+5]",0.0138286037873598
initial_implementation_m1_p1,initial_implementation,2024-01-02,FIRM_MITK,MITK,0,"[-1,+1]",-0.0377081177330316
initial_implementation_m3_p3,initial_implementation,2024-01-02,FIRM_MITK,MITK,0,"[-3,+3]",-0.048010640397344095
initial_implementation_m5_p5,initial_implementation,2024-01-02,FIRM_MITK,MITK,0,"[-5,+5]",-0.058080244592807716
initial_implementation_m1_p1,initial_implementation,2024-01-02,FIRM_MSFT,MSFT,1,"[-1,+1]",0.0194929227004834
initial_implementation_m3_p3,initial_implementation,2024-01-02,FIRM_MSFT,MSFT,1,"[-3,+3]",0.015853640947121002
initial_implementation_m5_p5,initial_implementation,2024-01-02,FIRM_MSFT,MSFT,1,"[-5,+5]",0.0104455728307533
initial_implementation_m1_p1,initial_implementation,2024-01-02,FIRM_MSI,MSI,1,"[-1,+1]",0.035027301375113604
initial_implementation_m3_p3,initial_implementation,2024-01-02,FIRM_MSI,MSI,1,"[-3,+3]",0.0317558935848634
initial_implementation_m5_p5,initial_implementation,2024-01-02,FIRM_MSI,MSI,1,"[-5,+5]",0.009130284582458102
initial_implementation_m1_p1,initial_implementation,2024-01-02,FIRM_MU,MU,1,"[-1,+1]",-0.0110819395291095
initial_implementation_m3_p3,initial_implementation,2024-01-02,FIRM_MU,MU,1,"[-3,+3]",-0.006542689296357298
initial_implementation_m5_p5,initial_implementation,2024-01-02,FIRM_MU,MU,1,"[-5,+5]",-0.0196957351577512
initial_implementation_m1_p1,initial_implementation,2024-01-02,FIRM_NOW,NOW,1,"[-1,+1]",-0.007389402505925299
initial_implementation_m3_p3,initial_implementation,2024-01-02,FIRM_NOW,NOW,1,"[-3,+3]",-0.0019371416450520169
initial_implementation_m5_p5,initial_implementation,2024-01-02,FIRM_NOW,NOW,1,"[-5,+5]",0.001453163349466883
initial_implementation_m1_p1,initial_implementation,2024-01-02,FIRM_NXPI,NXPI,1,"[-1,+1]",-0.0350299372051672
initial_implementation_m3_p3,initial_implementation,2024-01-02,FIRM_NXPI,NXPI,1,"[-3,+3]",-0.08553673828938149
initial_implementation_m5_p5,initial_implementation,2024-01-02,FIRM_NXPI,NXPI,1,"[-5,+5]",-0.075155434053134
initial_implementation_m1_p1,initial_implementation,2024-01-02,FIRM_ORCL,ORCL,1,"[-1,+1]",-0.0042803106961244
initial_implementation_m3_p3,initial_implementation,2024-01-02,FIRM_ORCL,ORCL,1,"[-3,+3]",0.0013435381262077997
initial_implementation_m5_p5,initial_implementation,2024-01-02,FIRM_ORCL,ORCL,1,"[-5,+5]",-0.0168504199582351
initial_implementation_m1_p1,initial_implementation,2024-01-02,FIRM_PANW,PANW,1,"[-1,+1]",0.0007364108877361002
initial_implementation_m3_p3,initial_implementation,2024-01-02,FIRM_PANW,PANW,1,"[-3,+3]",-0.026843496994525897
initial_implementation_m5_p5,initial_implementation,2024-01-02,FIRM_PANW,PANW,1,"[-5,+5]",0.007841179542201406
initial_implementation_m1_p1,initial_implementation,2024-01-02,FIRM_QCOM,QCOM,1,"[-1,+1]",-0.026254175504805896
initial_implementation_m3_p3,initial_implementation,2024-01-02,FIRM_QCOM,QCOM,1,"[-3,+3]",-0.027423825479759696
initial_implementation_m5_p5,initial_implementation,2024-01-02,FIRM_QCOM,QCOM,1,"[-5,+5]",-0.013624480835873297
initial_implementation_m1_p1,initial_implementation,2024-01-02,FIRM_QNST,QNST,0,"[-1,+1]",-0.0249378742838484
initial_implementation_m3_p3,initial_implementation,2024-01-02,FIRM_QNST,QNST,0,"[-3,+3]",-0.024907245696932798
initial_implementation_m5_p5,initial_implementation,2024-01-02,FIRM_QNST,QNST,0,"[-5,+5]",-0.0913346184800492
initial_implementation_m1_p1,initial_implementation,2024-01-02,FIRM_RAMP,RAMP,0,"[-1,+1]",-0.049563904787228094
initial_implementation_m3_p3,initial_implementation,2024-01-02,FIRM_RAMP,RAMP,0,"[-3,+3]",-0.060603772889318196
initial_implementation_m5_p5,initial_implementation,2024-01-02,FIRM_RAMP,RAMP,0,"[-5,+5]",-0.051711171726768396
initial_implementation_m1_p1,initial_implementation,2024-01-02,FIRM_ROP,ROP,1,"[-1,+1]",0.0039104817645894
initial_implementation_m3_p3,initial_implementation,2024-01-02,FIRM_ROP,ROP,1,"[-3,+3]",-0.0039374331338297
initial_implementation_m5_p5,initial_implementation,2024-01-02,FIRM_ROP,ROP,1,"[-5,+5]",-0.0105086832916558
initial_implementation_m1_p1,initial_implementation,2024-01-02,FIRM_RPD,RPD,0,"[-1,+1]",-0.060342348519844304
initial_implementation_m3_p3,initial_implementation,2024-01-02,FIRM_RPD,RPD,0,"[-3,+3]",-0.09426551814136859
initial_implementation_m5_p5,initial_implementation,2024-01-02,FIRM_RPD,RPD,0,"[-5,+5]",-0.0863379816641332
initial_implementation_m1_p1,initial_implementation,2024-01-02,FIRM_SCOR,SCOR,0,"[-1,+1]",0.1940052647293198
initial_implementation_m3_p3,initial_implementation,2024-01-02,FIRM_SCOR,SCOR,0,"[-3,+3]",0.2526943982115288
initial_implementation_m5_p5,initial_implementation,2024-01-02,FIRM_SCOR,SCOR,0,"[-5,+5]",0.32867973200644546
initial_implementation_m1_p1,initial_implementation,2024-01-02,FIRM_SCSC,SCSC,1,"[-1,+1]",0.010354819532911199
initial_implementation_m3_p3,initial_implementation,2024-01-02,FIRM_SCSC,SCSC,1,"[-3,+3]",-0.0231600420443725
initial_implementation_m5_p5,initial_implementation,2024-01-02,FIRM_SCSC,SCSC,1,"[-5,+5]",-0.0259399733442543
initial_implementation_m1_p1,initial_implementation,2024-01-02,FIRM_SMSI,SMSI,0,"[-1,+1]",0.0679741028407376
initial_implementation_m3_p3,initial_implementation,2024-01-02,FIRM_SMSI,SMSI,0,"[-3,+3]",-0.024719757483945896
initial_implementation_m5_p5,initial_implementation,2024-01-02,FIRM_SMSI,SMSI,0,"[-5,+5]",0.06735391779643957
initial_implementation_m1_p1,initial_implementation,2024-01-02,FIRM_SNPS,SNPS,1,"[-1,+1]",-0.0175020927985833
initial_implementation_m3_p3,initial_implementation,2024-01-02,FIRM_SNPS,SNPS,1,"[-3,+3]",-0.0360832934612814
initial_implementation_m5_p5,initial_implementation,2024-01-02,FIRM_SNPS,SNPS,1,"[-5,+5]",-0.1050841886887931
initial_implementation_m1_p1,initial_implementation,2024-01-02,FIRM_SPSC,SPSC,0,"[-1,+1]",-0.048315023532115295
initial_implementation_m3_p3,initial_implementation,2024-01-02,FIRM_SPSC,SPSC,0,"[-3,+3]",-0.0952641092658771
initial_implementation_m5_p5,initial_implementation,2024-01-02,FIRM_SPSC,SPSC,0,"[-5,+5]",-0.05888151064445841
initial_implementation_m1_p1,initial_implementation,2024-01-02,FIRM_STM,STM,1,"[-1,+1]",-0.0344365918030185
initial_implementation_m3_p3,initial_implementation,2024-01-02,FIRM_STM,STM,1,"[-3,+3]",-0.0905355525140105
initial_implementation_m5_p5,initial_implementation,2024-01-02,FIRM_STM,STM,1,"[-5,+5]",-0.1130693245638239
initial_implementation_m1_p1,initial_implementation,2024-01-02,FIRM_TCX,TCX,0,"[-1,+1]",-0.12826951847456441
initial_implementation_m3_p3,initial_implementation,2024-01-02,FIRM_TCX,TCX,0,"[-3,+3]",-0.03135483812266271
initial_implementation_m5_p5,initial_implementation,2024-01-02,FIRM_TCX,TCX,0,"[-5,+5]",-0.07539413992184632
initial_implementation_m1_p1,initial_implementation,2024-01-02,FIRM_TEL,TEL,1,"[-1,+1]",0.0037152985391894
initial_implementation_m3_p3,initial_implementation,2024-01-02,FIRM_TEL,TEL,1,"[-3,+3]",-0.0311784225391314
initial_implementation_m5_p5,initial_implementation,2024-01-02,FIRM_TEL,TEL,1,"[-5,+5]",-0.0447932672863328
initial_implementation_m1_p1,initial_implementation,2024-01-02,FIRM_TENB,TENB,0,"[-1,+1]",-0.046581675285129596
initial_implementation_m3_p3,initial_implementation,2024-01-02,FIRM_TENB,TENB,0,"[-3,+3]",-0.0682760277723268
initial_implementation_m5_p5,initial_implementation,2024-01-02,FIRM_TENB,TENB,0,"[-5,+5]",-0.006024350232524296
initial_implementation_m1_p1,initial_implementation,2024-01-02,FIRM_TLS,TLS,0,"[-1,+1]",0.0605045694993205
initial_implementation_m3_p3,initial_implementation,2024-01-02,FIRM_TLS,TLS,0,"[-3,+3]",0.10821252030837511
initial_implementation_m5_p5,initial_implementation,2024-01-02,FIRM_TLS,TLS,0,"[-5,+5]",0.044147560884000216
initial_implementation_m1_p1,initial_implementation,2024-01-02,FIRM_TWLO,TWLO,1,"[-1,+1]",-0.0821837682417089
initial_implementation_m3_p3,initial_implementation,2024-01-02,FIRM_TWLO,TWLO,1,"[-3,+3]",-0.07362566440956893
initial_implementation_m5_p5,initial_implementation,2024-01-02,FIRM_TWLO,TWLO,1,"[-5,+5]",-0.04065007309362562
initial_implementation_m1_p1,initial_implementation,2024-01-02,FIRM_TXN,TXN,1,"[-1,+1]",0.0026126043504505992
initial_implementation_m3_p3,initial_implementation,2024-01-02,FIRM_TXN,TXN,1,"[-3,+3]",0.00046867892781649913
initial_implementation_m5_p5,initial_implementation,2024-01-02,FIRM_TXN,TXN,1,"[-5,+5]",0.015291623652389395
initial_implementation_m1_p1,initial_implementation,2024-01-02,FIRM_VNT,VNT,1,"[-1,+1]",-0.0080861412528729
initial_implementation_m3_p3,initial_implementation,2024-01-02,FIRM_VNT,VNT,1,"[-3,+3]",0.0046247748395514005
initial_implementation_m5_p5,initial_implementation,2024-01-02,FIRM_VNT,VNT,1,"[-5,+5]",-0.0235236779237259
initial_implementation_m1_p1,initial_implementation,2024-01-02,FIRM_WK,WK,0,"[-1,+1]",-0.0718800933958138
initial_implementation_m3_p3,initial_implementation,2024-01-02,FIRM_WK,WK,0,"[-3,+3]",-0.08914987353691631
initial_implementation_m5_p5,initial_implementation,2024-01-02,FIRM_WK,WK,0,"[-5,+5]",-0.1075906596909504
initial_implementation_m1_p1,initial_implementation,2024-01-02,FIRM_XMTR,XMTR,0,"[-1,+1]",-0.1074971878718939
initial_implementation_m3_p3,initial_implementation,2024-01-02,FIRM_XMTR,XMTR,0,"[-3,+3]",-0.07745248816587169
initial_implementation_m5_p5,initial_implementation,2024-01-02,FIRM_XMTR,XMTR,0,"[-5,+5]",-0.028593730364758305
